{"stats":{"minecraft:used":{"camera:image_frame":9,"additionalguns:pp_19":4,"minecraft:stone_shovel":2,"minecraft:armor_stand":2,"securitycraft:keypad_chest":1,"minecraft:spruce_slab":30,"minecraft:spruce_planks":23,"minecraft:stone":118,"additionalguns:over_under":3,"securitycraft:security_camera":2,"create:gabbro":2,"customnpcs:npcwand":5,"minecraft:torch":7,"minecraft:dirt":3624,"cgm:workbench":1,"elevatorid:elevator_black":2,"quark:blue_candle":2,"minecraft:spruce_stairs":32,"minecraft:orange_wool":10,"minecraft:spruce_fence":33,"minecraft:granite":214,"minecraft:coal_ore":7,"mts:mts.vehiclebench":3,"minecraft:red_wool":9,"minecraft:lantern":8,"minecraft:grass_block":2770,"constructionwand:infinity_wand":187,"carryon:entity_item":5,"quark:paper_lantern_sakura":1,"minecraft:stone_bricks":1,"cgm:grenade_launcher":1,"securitycraft:reinforced_lantern":4,"minecraft:redstone_lamp":59,"additionalguns:m1014":1,"mexicraft:papel_picado_mexican_pink":4,"create:weathered_limestone":1637,"tombstone:gift":3,"securitycraft:reinforced_stone_brick_stairs":107,"minecraft:egg":1,"minecraft:orange_terracotta":11,"mts:mts.custombench":1,"mca:male_villager_spawn_egg":3,"tac:workbench":1,"vehicle:fluid_extractor":1,"minecraft:dark_oak_sign":3,"minecraft:stone_pickaxe":25,"minecraft:oak_planks":21,"minecraft:wooden_pickaxe":14,"securitycraft:keypad_frame":1,"vehicle:workstation":1,"minecraft:redstone_block":56,"minecraft:spruce_fence_gate":18,"iceandfire:stymphalian_bird_dagger":8,"elevatorid:elevator_white":2,"vehicle:jack":1,"securitycraft:reinforced_stone_bricks":939,"minecraft:crafting_table":3,"quark:red_stool":2,"mca:female_villager_spawn_egg":3,"securitycraft:universal_block_remover":1,"spartanweaponry:witch_head":1,"securitycraft:reinforced_glowstone":25,"quark:lit_lamp":10,"minecraft:cornflower":1,"minecraft:apple":7,"minecraft:cyan_bed":4,"minecraft:bread":13,"create:dolomite":2048,"minecraft:barrier":22,"minecraft:iron_pickaxe":163,"minecraft:spruce_trapdoor":16,"minecraft:stone_axe":31,"minecraft:pink_bed":4,"minecraft:potion":2,"vehicle:gas_pump":1,"minecraft:andesite":1,"minecraft:yellow_bed":2,"securitycraft:reinforced_oak_stairs":2,"minecraft:coarse_dirt":3908,"securitycraft:reinforced_oak_log":306},"minecraft:killed":{"minecraft:cow":1},"minecraft:mined":{"create:zinc_ore":22,"create:dolomite":48,"mexicraft:salt_ore":1,"create:natural_scoria":3,"minecraft:granite":6,"minecraft:grass_block":3,"minecraft:iron_ore":12,"minecraft:andesite":64,"treechop:chopped_log":20,"biomesoplenty:barley":2,"minecraft:stone":16,"minecraft:crafting_table":1,"minecraft:torch":1,"mexicraft:nopal_bottom":1,"minecraft:tall_grass":1,"minecraft:oak_planks":8,"minecraft:yellow_bed":2,"minecraft:grass_path":2,"create:weathered_limestone":461,"minecraft:grass":8,"minecraft:coal_ore":48,"minecraft:oak_log":52,"create:gabbro":7,"minecraft:dirt":1,"minecraft:stone_bricks":4,"minecraft:oak_leaves":245},"minecraft:picked_up":{"blockarmor:stone_bricks_chestplate":1,"minecraft:crafting_table":1,"create:dolomite_cobblestone":48,"securitycraft:reinforced_lantern":2,"minecraft:cornflower":1,"camera:image_frame":1,"securitycraft:keypad_frame":1,"minecraft:beef":3,"create:zinc_ore":22,"minecraft:egg":1,"minecraft:stick":2,"minecraft:torch":1,"additionalguns:m1014":1,"minecraft:arrow":2,"create:scoria":3,"minecraft:cobblestone":16,"blockarmor:stone_bricks_boots":1,"blockarmor:stone_bricks_leggings":1,"minecraft:andesite":64,"minecraft:leather":2,"create:weathered_limestone_cobblestone":461,"minecraft:oak_log":51,"minecraft:yellow_bed":2,"create:gabbro_cobblestone":7,"minecraft:dirt":9,"minecraft:apple":1,"minecraft:stone_bricks":5,"minecraft:wheat_seeds":1,"minecraft:iron_ore":12,"camera:image":3,"minecraft:oak_planks":6,"iceandfire:stymphalian_bird_feather":3,"minecraft:granite":6,"minecraft:bread":1,"minecraft:oak_sapling":6,"mexicraft:salt":1,"minecraft:coal":48},"minecraft:custom":{"lootr:looted_stat":3,"minecraft:mob_kills":2,"minecraft:interact_with_crafting_table":16,"minecraft:leave_game":20,"minecraft:time_since_death":20429,"minecraft:sprint_one_cm":236132,"minecraft:walk_one_cm":523148,"minecraft:drop":9,"minecraft:talked_to_villager":2,"minecraft:deaths":4,"minecraft:sneak_time":3675,"minecraft:jump":1647,"minecraft:interact_with_furnace":8,"minecraft:play_one_minute":295528,"minecraft:sleep_in_bed":9,"minecraft:time_since_rest":2319,"minecraft:waystone_activated":2,"minecraft:damage_taken":2718,"minecraft:use_wand":15001,"minecraft:damage_dealt":579,"minecraft:fly_one_cm":539221,"minecraft:open_chest":8,"minecraft:crouch_one_cm":6108,"minecraft:fall_one_cm":21028,"minecraft:horse_one_cm":988},"minecraft:dropped":{"minecraft:apple":1,"minecraft:torch":3,"iceandfire:stymphalian_bird_feather":3,"minecraft:oak_sapling":6,"create:gabbro_cobblestone":2},"minecraft:crafted":{"minecraft:oak_planks":92,"minecraft:stone_shovel":1,"blockarmor:oak_log_leggings":1,"minecraft:stone_pickaxe":1,"minecraft:crafting_table":2,"minecraft:wooden_pickaxe":1,"minecraft:oak_wood":3,"blockarmor:oak_log_helmet":1,"minecraft:stone_axe":1,"minecraft:air":0,"minecraft:iron_chestplate":1,"iceandfire:stymphalian_bird_dagger":1,"minecraft:stick":20,"blockarmor:oak_log_boots":1,"minecraft:iron_ingot":12,"minecraft:iron_pickaxe":1,"blockarmor:oak_log_chestplate":1,"minecraft:torch":20},"minecraft:killed_by":{"minecraft:creeper":1,"minecraft:skeleton":1,"minecraft:zombie":2}},"DataVersion":2586}