{"stats":{"minecraft:dropped":{"minecraft:apple":1},"minecraft:picked_up":{"minecraft:stick":2,"minecraft:apple":1,"minecraft:oak_log":3,"minecraft:yellow_bed":1,"minecraft:oak_sapling":2,"minecraft:cornflower":1,"minecraft:dirt":2},"minecraft:killed_by":{"minecraft:creeper":1,"minecraft:zombie":1},"minecraft:mined":{"minecraft:grass":1,"minecraft:oak_log":3,"treechop:chopped_log":2,"minecraft:oak_leaves":56,"minecraft:yellow_bed":1,"minecraft:grass_path":2},"minecraft:custom":{"minecraft:time_since_rest":469,"minecraft:waystone_activated":1,"minecraft:play_one_minute":38288,"minecraft:crouch_one_cm":71,"minecraft:damage_taken":811,"lootr:looted_stat":2,"minecraft:sprint_one_cm":32114,"minecraft:walk_one_cm":47467,"minecraft:deaths":2,"minecraft:sneak_time":89,"minecraft:drop":1,"minecraft:jump":264,"minecraft:damage_dealt":26,"minecraft:leave_game":9,"minecraft:time_since_death":1343,"minecraft:sleep_in_bed":3,"minecraft:fly_one_cm":58109,"minecraft:talked_to_villager":2,"minecraft:fall_one_cm":5291},"minecraft:used":{"customnpcs:npcwand":1,"minecraft:cornflower":1,"minecraft:dirt":2,"minecraft:bread":1,"carryon:entity_item":1}},"DataVersion":2586}