{"stats":{"minecraft:crafted":{"minecraft:oak_planks":284,"minecraft:stone_shovel":1,"spartanshields:shield_basic_iron":1,"minecraft:furnace":1,"blockarmor:oak_log_leggings":1,"minecraft:diamond_shovel":1,"minecraft:cooked_mutton":3,"minecraft:spruce_stairs":40,"minecraft:iron_axe":1,"minecraft:ladder":4,"minecraft:spruce_slab":126,"minecraft:stone_pickaxe":1,"sophisticatedbackpacks:iron_backpack":1,"spartanshields:shield_basic_wood":1,"minecraft:cooked_beef":8,"sophisticatedbackpacks:backpack":1,"minecraft:crafting_table":3,"minecraft:spruce_planks":304,"constructionwand:iron_wand":1,"minecraft:wooden_pickaxe":1,"minecraft:iron_helmet":1,"spartanweaponry:handle":1,"sophisticatedbackpacks:gold_backpack":1,"minecraft:oak_wood":3,"blockarmor:oak_log_helmet":1,"minecraft:stone_axe":1,"minecraft:air":0,"minecraft:spruce_trapdoor":24,"minecraft:iron_chestplate":1,"iceandfire:stymphalian_bird_dagger":1,"minecraft:stick":44,"quark:oak_chest":3,"blockarmor:oak_log_boots":1,"minecraft:iron_ingot":122,"minecraft:iron_pickaxe":3,"minecraft:stonecutter":1,"minecraft:iron_leggings":1,"blockarmor:oak_log_chestplate":1,"minecraft:torch":20,"spartanweaponry:flanged_mace_iron":1},"minecraft:broken":{"constructionwand:iron_wand":1,"minecraft:iron_pickaxe":1},"minecraft:custom":{"lootr:looted_stat":13,"minecraft:interact_with_anvil":2,"minecraft:mob_kills":9,"minecraft:interact_with_crafting_table":46,"minecraft:leave_game":30,"minecraft:time_since_death":240789,"minecraft:climb_one_cm":782,"minecraft:sprint_one_cm":487747,"minecraft:walk_one_cm":1031907,"minecraft:damage_blocked_by_shield":962,"minecraft:drop":30,"minecraft:talked_to_villager":2,"minecraft:deaths":7,"minecraft:sneak_time":9029,"minecraft:walk_under_water_one_cm":3807,"minecraft:jump":3269,"minecraft:walk_on_water_one_cm":14392,"minecraft:interact_with_furnace":43,"minecraft:play_one_minute":553669,"minecraft:interact_with_stonecutter":5,"minecraft:sleep_in_bed":24,"minecraft:time_since_rest":17927,"minecraft:waystone_activated":6,"minecraft:damage_taken":4930,"minecraft:damage_dealt":1226,"minecraft:use_wand":15251,"minecraft:fly_one_cm":887777,"minecraft:open_chest":53,"minecraft:crouch_one_cm":19604,"minecraft:fall_one_cm":41779,"minecraft:horse_one_cm":6874},"minecraft:dropped":{"minecraft:wheat_seeds":1,"minecraft:cobblestone":3,"minecraft:apple":1,"blockarmor:stone_bricks_leggings":1,"minecraft:dirt":9,"minecraft:torch":3,"blockarmor:stone_bricks_boots":1,"mexicraft:salt":1,"iceandfire:stymphalian_bird_feather":3,"minecraft:stone_axe":1,"minecraft:coarse_dirt":2,"create:scoria":1,"minecraft:spruce_trapdoor":1,"minecraft:oak_sapling":6,"minecraft:stone_bricks":4,"travelersbackpack:fox":1,"alexsmobs:banana":6,"iceandfire:manuscript":10,"create:gabbro_cobblestone":10,"minecraft:terracotta":5},"minecraft:picked_up":{"blockarmor:stone_bricks_chestplate":1,"iceandfire:dragon_skull_lightning":1,"relics:delay_ring":1,"minecraft:crafting_table":2,"ganjacraft:sativa_seed":34,"create:dolomite_cobblestone":48,"minecraft:chicken":1,"minecraft:anvil":1,"ganjacraft:indica_seed":34,"securitycraft:reinforced_lantern":2,"minecraft:lead":3,"minecraft:stone_brick_stairs":1,"minecraft:cornflower":1,"minecraft:string":10,"camera:image_frame":1,"alexsmobs:banana":3,"minecraft:spruce_planks":67,"securitycraft:keypad_frame":1,"minecraft:beef":8,"create:zinc_ore":22,"minecraft:spruce_slab":3,"minecraft:furnace":1,"minecraft:egg":2,"minecraft:stick":5,"iceandfire:dragonbone":22,"minecraft:stone":128,"minecraft:oak_door":2,"minecraft:torch":2,"additionalguns:glock18":1,"additionalguns:m1014":1,"minecraft:diorite":1,"minecraft:arrow":2,"create:scoria":3,"minecraft:hay_block":3,"alexsmobs:emu_egg":4,"minecraft:mutton":3,"minecraft:cobblestone":69,"minecraft:white_wool":2,"farmersdelight:rich_soil":3,"blockarmor:stone_bricks_boots":1,"blockarmor:stone_bricks_leggings":1,"minecraft:andesite":65,"biomesoplenty:goldenrod":4,"minecraft:leather":6,"create:weathered_limestone_cobblestone":461,"minecraft:oak_log":52,"minecraft:yellow_bed":2,"create:gabbro_cobblestone":7,"minecraft:dirt":316,"minecraft:apple":1,"minecraft:stone_bricks":15,"minecraft:wheat_seeds":20,"minecraft:iron_ore":93,"camera:image":3,"minecraft:oak_planks":17,"minecraft:sand":1,"iceandfire:stymphalian_bird_feather":3,"minecraft:spruce_log":16,"minecraft:cyan_bed":4,"travelersbackpack:fox":1,"minecraft:stone_axe":1,"waystones:waystone":3,"minecraft:granite":6,"minecraft:bread":1,"minecraft:lodestone":4,"minecraft:oak_sapling":6,"mexicraft:salt":1,"minecraft:coal":108},"minecraft:used":{"camera:image_frame":9,"minecraft:flint_and_steel":7,"additionalguns:pp_19":4,"minecraft:armor_stand":2,"minecraft:spruce_slab":67,"securitycraft:keypad_chest":3,"minecraft:stone_shovel":2,"minecraft:ladder":4,"minecraft:spruce_planks":131,"minecraft:stone":246,"additionalguns:over_under":3,"securitycraft:security_camera":2,"create:gabbro":11,"customnpcs:npcwand":9,"minecraft:oak_door":2,"minecraft:torch":17,"minecraft:anvil":2,"minecraft:dirt":3627,"cgm:workbench":1,"constructionwand:iron_wand":24,"elevatorid:elevator_black":2,"quark:blue_candle":2,"minecraft:spruce_stairs":36,"minecraft:orange_wool":10,"minecraft:granite":214,"minecraft:spruce_fence":33,"minecraft:stone_brick_slab":7,"minecraft:iron_axe":131,"minecraft:coal_ore":7,"mts:mts.vehiclebench":3,"minecraft:red_wool":9,"alexsmobs:spawn_egg_gorilla":1,"minecraft:grass_block":2771,"minecraft:lantern":8,"constructionwand:infinity_wand":187,"carryon:entity_item":5,"quark:paper_lantern_sakura":1,"minecraft:stone_brick_stairs":43,"minecraft:stone_bricks":187,"cgm:grenade_launcher":1,"securitycraft:reinforced_lantern":7,"carryon:tile_item":5,"minecraft:redstone_lamp":59,"additionalguns:m1014":1,"minecraft:beef":1,"mexicraft:papel_picado_mexican_pink":4,"create:weathered_limestone":1637,"minecraft:furnace":2,"tombstone:gift":4,"alexsmobs:banana":1,"minecraft:egg":2,"securitycraft:reinforced_stone_brick_stairs":138,"spartanweaponry:flanged_mace_iron":5,"minecraft:cooked_beef":8,"waystones:white_sharestone":1,"minecraft:orange_terracotta":11,"travelersbackpack:fox":1,"mts:mts.custombench":1,"minecraft:cooked_mutton":3,"mca:male_villager_spawn_egg":3,"tac:workbench":1,"minecraft:water_bucket":3,"vehicle:fluid_extractor":1,"minecraft:stone_pickaxe":25,"minecraft:dark_oak_sign":3,"minecraft:oak_planks":159,"securitycraft:reinforced_stone_brick_slab":31,"securitycraft:keypad_frame":1,"minecraft:wooden_pickaxe":14,"vehicle:workstation":1,"minecraft:redstone_block":56,"minecraft:spruce_fence_gate":18,"minecraft:stonecutter":1,"iceandfire:stymphalian_bird_dagger":51,"elevatorid:elevator_white":2,"vehicle:jack":1,"securitycraft:reinforced_stone_bricks":940,"minecraft:crafting_table":5,"mca:female_villager_spawn_egg":3,"quark:red_stool":2,"securitycraft:universal_block_remover":1,"minecraft:white_bed":1,"spartanweaponry:witch_head":1,"minecraft:spruce_log":58,"securitycraft:reinforced_glowstone":25,"minecraft:oak_log":16,"quark:lit_lamp":10,"waystones:waystone":3,"minecraft:diamond_pickaxe":95,"minecraft:cornflower":1,"minecraft:apple":9,"minecraft:diamond_shovel":287,"scalinghealth:enchanted_heart":16,"minecraft:iron_pickaxe":251,"minecraft:bread":14,"minecraft:cyan_bed":9,"minecraft:barrier":22,"create:dolomite":2048,"minecraft:spruce_trapdoor":18,"spartanshields:shield_basic_iron":16,"minecraft:stone_axe":31,"minecraft:pink_bed":4,"minecraft:cobblestone":6,"minecraft:potion":2,"vehicle:gas_pump":1,"minecraft:andesite":130,"minecraft:bucket":4,"minecraft:yellow_bed":2,"quark:oak_chest":2,"securitycraft:reinforced_oak_stairs":2,"securitycraft:reinforced_oak_log":323,"minecraft:coarse_dirt":3908},"minecraft:killed_by":{"minecraft:creeper":1,"mutantbeasts:mutant_skeleton":1,"minecraft:skeleton":1,"minecraft:zombie":4},"minecraft:mined":{"create:zinc_ore":22,"minecraft:spruce_planks":3,"farmersdelight:rich_soil":3,"create:dolomite":48,"minecraft:oak_door":1,"mexicraft:salt_ore":2,"create:natural_scoria":3,"minecraft:granite":6,"minecraft:grass_block":190,"minecraft:spawner":8,"minecraft:hay_block":3,"minecraft:furnace":1,"minecraft:iron_ore":93,"minecraft:fire":1,"minecraft:andesite":65,"treechop:chopped_log":20,"minecraft:anvil":1,"minecraft:vine":4,"biomesoplenty:barley":2,"minecraft:stone":71,"minecraft:spruce_slab":3,"minecraft:crafting_table":2,"minecraft:torch":1,"mexicraft:nopal_bottom":1,"minecraft:tall_grass":9,"minecraft:cobblestone":8,"minecraft:cyan_bed":4,"minecraft:oak_planks":18,"minecraft:diorite":2,"biomesoplenty:goldenrod":1,"minecraft:spruce_log":16,"minecraft:grass_path":22,"minecraft:yellow_bed":2,"minecraft:stone_brick_stairs":1,"create:weathered_limestone":461,"minecraft:grass":136,"minecraft:oak_log":53,"minecraft:coal_ore":48,"create:gabbro":7,"minecraft:sand":1,"minecraft:dirt":101,"minecraft:lodestone":4,"minecraft:stone_bricks":14,"minecraft:oak_leaves":273},"minecraft:killed":{"minecraft:chicken":1,"minecraft:silverfish":1,"minecraft:sheep":2,"minecraft:cow":3}},"DataVersion":2586}