{"stats":{"minecraft:picked_up":{"minecraft:stick":2,"minecraft:oak_log":3,"minecraft:oak_sapling":2,"minecraft:cornflower":1,"minecraft:dirt":1},"minecraft:killed_by":{"minecraft:zombie":1},"minecraft:mined":{"minecraft:grass":1,"minecraft:oak_log":3,"treechop:chopped_log":2,"minecraft:oak_leaves":56,"minecraft:grass_path":1},"minecraft:custom":{"minecraft:time_since_rest":8058,"minecraft:waystone_activated":1,"minecraft:crouch_one_cm":67,"minecraft:play_one_minute":19079,"minecraft:damage_taken":331,"minecraft:sprint_one_cm":13688,"minecraft:deaths":1,"minecraft:walk_one_cm":27724,"minecraft:sneak_time":73,"minecraft:jump":128,"minecraft:damage_dealt":20,"minecraft:leave_game":6,"minecraft:time_since_death":10457,"minecraft:sleep_in_bed":1,"minecraft:talked_to_villager":2,"minecraft:fall_one_cm":2539,"minecraft:fly_one_cm":24817},"minecraft:used":{"minecraft:dirt":1}},"DataVersion":2586}