{"stats":{"minecraft:picked_up":{"blockarmor:stone_bricks_chestplate":1,"iceandfire:dragon_skull_lightning":1,"relics:delay_ring":1,"minecraft:crafting_table":3,"ganjacraft:sativa_seed":49,"minecraft:ladder":4,"create:dolomite_cobblestone":48,"minecraft:chicken":1,"minecraft:anvil":1,"ganjacraft:indica_seed":53,"securitycraft:reinforced_lantern":2,"minecraft:lead":4,"minecraft:stone_brick_stairs":14,"minecraft:cornflower":1,"minecraft:string":15,"camera:image_frame":1,"alexsmobs:banana":3,"minecraft:bucket":1,"minecraft:spruce_planks":100,"securitycraft:keypad_frame":1,"minecraft:beef":8,"create:zinc_ore":22,"minecraft:spruce_slab":5,"minecraft:spruce_trapdoor":6,"minecraft:furnace":2,"minecraft:egg":2,"minecraft:stick":5,"iceandfire:dragonbone":22,"minecraft:stone":128,"minecraft:oak_door":2,"minecraft:spruce_stairs":8,"minecraft:torch":2,"additionalguns:glock18":1,"additionalguns:m1014":1,"farmersdelight:tomato_seeds":5,"tombstone:grave_dust":1,"minecraft:diorite":65,"minecraft:carrot":3,"minecraft:arrow":2,"create:scoria":3,"minecraft:hay_block":6,"alexsmobs:emu_egg":4,"minecraft:gold_ingot":15,"dungeonsmod:soul_bottle":1,"minecraft:mutton":3,"minecraft:cobblestone":69,"minecraft:white_wool":2,"farmersdelight:rich_soil":3,"blockarmor:stone_bricks_boots":1,"blockarmor:stone_bricks_leggings":1,"minecraft:andesite":67,"biomesoplenty:goldenrod":7,"minecraft:leather":6,"create:weathered_limestone_cobblestone":461,"consecration:fire_stick":1,"securitycraft:keypad_chest":2,"minecraft:oak_log":53,"minecraft:yellow_bed":2,"create:gabbro_cobblestone":7,"minecraft:lantern":1,"scalinghealth:heart_crystal":1,"minecraft:paper":2,"minecraft:dirt":316,"minecraft:apple":1,"minecraft:stone_bricks":15,"minecraft:stonecutter":1,"minecraft:wheat_seeds":20,"scalinghealth:power_crystal_shard":3,"minecraft:iron_ore":93,"camera:image":3,"minecraft:oak_planks":302,"minecraft:stone_brick_slab":1,"minecraft:sand":1,"iceandfire:stymphalian_bird_feather":3,"quark:oak_chest":1,"minecraft:spruce_log":16,"minecraft:cyan_bed":5,"travelersbackpack:fox":1,"minecraft:stone_axe":1,"waystones:waystone":6,"minecraft:granite":6,"minecraft:bread":1,"minecraft:lodestone":4,"minecraft:oak_sapling":6,"mexicraft:salt":1,"minecraft:coal":108},"minecraft:crafted":{"minecraft:oak_planks":288,"minecraft:stone_shovel":1,"spartanshields:shield_basic_iron":1,"minecraft:iron_nugget":27,"minecraft:furnace":1,"blockarmor:oak_log_leggings":1,"consecration:fire_stick":1,"minecraft:diamond_shovel":1,"minecraft:cooked_mutton":3,"minecraft:lantern":3,"minecraft:spruce_stairs":80,"securitycraft:universal_block_remover":1,"minecraft:iron_axe":2,"minecraft:iron_hoe":1,"minecraft:ladder":4,"minecraft:spruce_slab":126,"minecraft:stone_pickaxe":1,"minecraft:golden_axe":1,"sophisticatedbackpacks:iron_backpack":1,"spartanshields:shield_basic_wood":1,"minecraft:cooked_beef":8,"elevatorid:elevator_white":2,"sophisticatedbackpacks:backpack":1,"minecraft:crafting_table":4,"minecraft:spruce_planks":600,"constructionwand:iron_wand":2,"minecraft:wooden_pickaxe":1,"minecraft:iron_helmet":1,"spartanweaponry:handle":1,"alexsmobs:boiled_emu_egg":4,"sophisticatedbackpacks:gold_backpack":1,"minecraft:oak_wood":3,"blockarmor:oak_log_helmet":1,"minecraft:stone_axe":1,"minecraft:air":0,"minecraft:stone_brick_stairs":234,"minecraft:spruce_trapdoor":24,"minecraft:iron_chestplate":1,"iceandfire:stymphalian_bird_dagger":1,"minecraft:stick":52,"quark:oak_chest":4,"blockarmor:oak_log_boots":1,"minecraft:iron_ingot":122,"minecraft:iron_pickaxe":3,"minecraft:stonecutter":1,"minecraft:iron_leggings":1,"blockarmor:oak_log_chestplate":1,"minecraft:torch":40,"minecraft:shears":1,"spartanweaponry:flanged_mace_iron":1},"minecraft:mined":{"create:zinc_ore":22,"minecraft:spruce_planks":36,"farmersdelight:rich_soil":3,"create:dolomite":48,"minecraft:oak_door":1,"mexicraft:salt_ore":2,"farmersdelight:wild_carrots":3,"minecraft:spruce_trapdoor":6,"create:natural_scoria":3,"minecraft:granite":6,"minecraft:grass_block":190,"minecraft:spawner":8,"minecraft:hay_block":3,"minecraft:furnace":2,"minecraft:iron_ore":93,"minecraft:fire":1,"minecraft:andesite":67,"treechop:chopped_log":20,"minecraft:anvil":1,"minecraft:vine":4,"biomesoplenty:barley":2,"minecraft:stone":71,"minecraft:spruce_slab":5,"quark:oak_chest":1,"minecraft:stone_brick_slab":1,"minecraft:crafting_table":3,"minecraft:torch":1,"mexicraft:nopal_bottom":1,"minecraft:tall_grass":9,"minecraft:cobblestone":8,"minecraft:cyan_bed":5,"minecraft:oak_planks":165,"minecraft:diorite":2,"biomesoplenty:goldenrod":1,"minecraft:spruce_stairs":8,"minecraft:spruce_log":16,"minecraft:grass_path":22,"minecraft:yellow_bed":2,"minecraft:stone_brick_stairs":16,"create:weathered_limestone":461,"minecraft:grass":140,"minecraft:oak_log":53,"minecraft:coal_ore":48,"create:gabbro":7,"minecraft:sand":1,"minecraft:dirt":101,"minecraft:lodestone":4,"minecraft:stonecutter":1,"minecraft:stone_bricks":14,"minecraft:oak_leaves":273},"minecraft:dropped":{"minecraft:wheat_seeds":1,"minecraft:cobblestone":3,"minecraft:apple":1,"blockarmor:stone_bricks_leggings":1,"minecraft:dirt":9,"minecraft:torch":3,"blockarmor:stone_bricks_boots":1,"minecraft:paper":2,"mexicraft:salt":1,"iceandfire:stymphalian_bird_feather":3,"minecraft:stone_axe":1,"minecraft:coarse_dirt":2,"consecration:fire_stick":1,"create:scoria":1,"minecraft:spruce_trapdoor":1,"minecraft:oak_sapling":6,"minecraft:stone_bricks":4,"travelersbackpack:fox":1,"alexsmobs:banana":6,"iceandfire:manuscript":10,"create:gabbro_cobblestone":10,"minecraft:terracotta":5},"minecraft:custom":{"lootr:looted_stat":13,"minecraft:interact_with_anvil":2,"minecraft:mob_kills":12,"minecraft:interact_with_crafting_table":59,"minecraft:leave_game":30,"minecraft:time_since_death":2364,"minecraft:climb_one_cm":4146,"minecraft:sprint_one_cm":582142,"minecraft:walk_one_cm":1245547,"minecraft:damage_blocked_by_shield":1000,"minecraft:drop":32,"minecraft:talked_to_villager":2,"minecraft:deaths":8,"minecraft:sneak_time":13639,"minecraft:walk_under_water_one_cm":3807,"minecraft:jump":3725,"minecraft:walk_on_water_one_cm":21605,"minecraft:interact_with_furnace":46,"minecraft:play_one_minute":618016,"minecraft:interact_with_stonecutter":7,"minecraft:sleep_in_bed":31,"minecraft:time_since_rest":2014,"minecraft:waystone_activated":8,"minecraft:damage_taken":5744,"minecraft:damage_dealt":2398,"minecraft:use_wand":15321,"minecraft:fly_one_cm":949311,"tombstone:undead_killed":3,"minecraft:open_chest":77,"minecraft:crouch_one_cm":33766,"minecraft:fall_one_cm":50867,"minecraft:horse_one_cm":6874},"minecraft:killed_by":{"minecraft:creeper":1,"mutantbeasts:mutant_skeleton":1,"minecraft:skeleton":2,"minecraft:zombie":4},"minecraft:killed":{"minecraft:chicken":1,"minecraft:silverfish":1,"dungeonsmod:haunter":3,"minecraft:sheep":2,"minecraft:cow":3},"minecraft:used":{"camera:image_frame":9,"minecraft:flint_and_steel":7,"additionalguns:pp_19":4,"minecraft:armor_stand":2,"minecraft:spruce_slab":123,"securitycraft:keypad_chest":3,"minecraft:stone_shovel":2,"minecraft:ladder":8,"minecraft:spruce_planks":337,"minecraft:stone":246,"additionalguns:over_under":3,"securitycraft:security_camera":2,"create:gabbro":11,"customnpcs:npcwand":9,"minecraft:oak_door":2,"minecraft:torch":21,"scalinghealth:heart_crystal":1,"minecraft:anvil":2,"minecraft:dirt":3627,"cgm:workbench":1,"constructionwand:iron_wand":36,"elevatorid:elevator_black":2,"quark:blue_candle":2,"minecraft:spruce_stairs":119,"minecraft:carrot":3,"minecraft:orange_wool":10,"minecraft:granite":214,"minecraft:spruce_fence":33,"additionalguns:glock18":64,"minecraft:iron_hoe":37,"minecraft:stone_brick_slab":21,"minecraft:iron_axe":294,"minecraft:coal_ore":7,"mts:mts.vehiclebench":3,"minecraft:red_wool":9,"alexsmobs:spawn_egg_gorilla":1,"minecraft:grass_block":2771,"minecraft:lantern":12,"constructionwand:infinity_wand":187,"carryon:entity_item":5,"quark:paper_lantern_sakura":1,"minecraft:stone_brick_stairs":100,"minecraft:stone_bricks":187,"cgm:grenade_launcher":1,"securitycraft:reinforced_lantern":7,"carryon:tile_item":5,"minecraft:redstone_lamp":59,"additionalguns:m1014":1,"minecraft:beef":1,"mexicraft:papel_picado_mexican_pink":4,"create:weathered_limestone":1637,"minecraft:furnace":2,"tombstone:gift":4,"alexsmobs:banana":1,"minecraft:egg":2,"securitycraft:reinforced_stone_brick_stairs":138,"minecraft:potato":3,"spartanweaponry:flanged_mace_iron":74,"minecraft:cooked_beef":8,"waystones:white_sharestone":1,"minecraft:golden_axe":32,"minecraft:orange_terracotta":11,"travelersbackpack:fox":1,"alexsmobs:boiled_emu_egg":4,"minecraft:wheat_seeds":5,"mts:mts.custombench":1,"minecraft:cooked_mutton":3,"mca:male_villager_spawn_egg":3,"tac:workbench":1,"minecraft:water_bucket":3,"vehicle:fluid_extractor":1,"minecraft:stone_pickaxe":25,"minecraft:dark_oak_sign":3,"minecraft:oak_planks":183,"securitycraft:reinforced_stone_brick_slab":31,"securitycraft:keypad_frame":1,"minecraft:wooden_pickaxe":14,"vehicle:workstation":1,"minecraft:redstone_block":56,"minecraft:spruce_fence_gate":18,"minecraft:stonecutter":1,"iceandfire:stymphalian_bird_dagger":51,"elevatorid:elevator_white":4,"vehicle:jack":1,"securitycraft:reinforced_stone_bricks":940,"minecraft:crafting_table":6,"mca:female_villager_spawn_egg":3,"quark:red_stool":2,"securitycraft:universal_block_remover":3,"minecraft:white_bed":1,"spartanweaponry:witch_head":1,"minecraft:spruce_log":58,"securitycraft:reinforced_glowstone":25,"minecraft:oak_log":16,"quark:lit_lamp":10,"waystones:waystone":4,"minecraft:diamond_pickaxe":95,"minecraft:cornflower":1,"minecraft:apple":12,"minecraft:diamond_shovel":287,"scalinghealth:enchanted_heart":16,"minecraft:iron_pickaxe":276,"minecraft:bread":14,"minecraft:cyan_bed":10,"minecraft:barrier":22,"create:dolomite":2048,"minecraft:spruce_trapdoor":33,"spartanshields:shield_basic_iron":24,"minecraft:stone_axe":31,"minecraft:pink_bed":4,"minecraft:cobblestone":6,"minecraft:potion":2,"vehicle:gas_pump":1,"minecraft:andesite":130,"minecraft:bucket":4,"minecraft:yellow_bed":2,"quark:oak_chest":4,"securitycraft:reinforced_oak_stairs":2,"securitycraft:reinforced_oak_log":323,"minecraft:coarse_dirt":3908},"minecraft:broken":{"minecraft:golden_axe":1,"minecraft:iron_axe":1,"constructionwand:iron_wand":1,"minecraft:iron_pickaxe":1}},"DataVersion":2586}