{"stats":{"minecraft:dropped":{"minecraft:apple":1},"minecraft:picked_up":{"minecraft:stick":2,"minecraft:oak_log":51,"minecraft:yellow_bed":1,"minecraft:cornflower":1,"minecraft:dirt":2,"minecraft:apple":1,"minecraft:wheat_seeds":1,"minecraft:oak_sapling":6,"minecraft:cobblestone":11,"minecraft:egg":1},"minecraft:killed_by":{"minecraft:creeper":1,"minecraft:zombie":1},"minecraft:mined":{"treechop:chopped_log":20,"minecraft:yellow_bed":1,"minecraft:grass_path":2,"minecraft:grass":5,"minecraft:oak_log":52,"minecraft:stone":11,"minecraft:oak_leaves":245},"minecraft:custom":{"minecraft:time_since_rest":16140,"minecraft:waystone_activated":1,"lootr:looted_stat":2,"minecraft:sprint_one_cm":47344,"minecraft:damage_taken":1313,"minecraft:walk_one_cm":75752,"minecraft:drop":1,"minecraft:damage_dealt":232,"minecraft:talked_to_villager":2,"minecraft:interact_with_crafting_table":6,"minecraft:fly_one_cm":84475,"minecraft:crouch_one_cm":149,"minecraft:play_one_minute":53959,"minecraft:deaths":2,"minecraft:sneak_time":175,"minecraft:jump":391,"minecraft:leave_game":10,"minecraft:time_since_death":17014,"minecraft:sleep_in_bed":3,"minecraft:fall_one_cm":7439},"minecraft:used":{"minecraft:cornflower":1,"minecraft:bread":6,"carryon:entity_item":1,"minecraft:wooden_pickaxe":11,"customnpcs:npcwand":1,"minecraft:stone_axe":19,"minecraft:dirt":2,"minecraft:crafting_table":1,"minecraft:yellow_bed":1,"minecraft:egg":1},"minecraft:crafted":{"minecraft:oak_planks":92,"minecraft:crafting_table":1,"minecraft:stick":8,"minecraft:wooden_pickaxe":1,"blockarmor:oak_log_boots":1,"minecraft:stone_pickaxe":1,"blockarmor:oak_log_chestplate":1,"blockarmor:oak_log_leggings":1,"minecraft:oak_wood":3,"blockarmor:oak_log_helmet":1,"minecraft:stone_axe":1}},"DataVersion":2586}