{"stats":{"minecraft:used":{"mts:mts.custombench":1,"mca:male_villager_spawn_egg":3,"camera:image_frame":9,"tac:workbench":1,"vehicle:fluid_extractor":1,"additionalguns:pp_19":4,"minecraft:stone_pickaxe":25,"minecraft:spruce_slab":30,"minecraft:armor_stand":2,"securitycraft:keypad_chest":1,"minecraft:stone_shovel":2,"minecraft:dark_oak_sign":3,"minecraft:oak_planks":21,"minecraft:spruce_planks":23,"minecraft:wooden_pickaxe":14,"securitycraft:keypad_frame":1,"minecraft:stone":118,"vehicle:workstation":1,"additionalguns:over_under":3,"minecraft:redstone_block":56,"securitycraft:security_camera":2,"minecraft:spruce_fence_gate":18,"create:gabbro":2,"iceandfire:stymphalian_bird_dagger":3,"customnpcs:npcwand":5,"elevatorid:elevator_white":2,"minecraft:torch":3,"minecraft:dirt":3624,"cgm:workbench":1,"vehicle:jack":1,"elevatorid:elevator_black":2,"securitycraft:reinforced_stone_bricks":939,"quark:blue_candle":2,"minecraft:crafting_table":3,"mca:female_villager_spawn_egg":3,"minecraft:spruce_stairs":32,"quark:red_stool":2,"minecraft:orange_wool":10,"securitycraft:universal_block_remover":1,"minecraft:granite":214,"minecraft:spruce_fence":33,"spartanweaponry:witch_head":1,"securitycraft:reinforced_glowstone":25,"quark:lit_lamp":10,"minecraft:cornflower":1,"minecraft:apple":6,"minecraft:coal_ore":7,"mts:mts.vehiclebench":3,"minecraft:red_wool":9,"constructionwand:infinity_wand":187,"minecraft:lantern":8,"minecraft:barrier":22,"minecraft:bread":13,"minecraft:cyan_bed":4,"minecraft:grass_block":2770,"create:dolomite":2048,"minecraft:iron_pickaxe":131,"carryon:entity_item":5,"minecraft:spruce_trapdoor":16,"quark:paper_lantern_sakura":1,"minecraft:stone_bricks":1,"cgm:grenade_launcher":1,"minecraft:stone_axe":30,"securitycraft:reinforced_lantern":4,"minecraft:pink_bed":4,"minecraft:redstone_lamp":59,"minecraft:potion":2,"additionalguns:m1014":1,"mexicraft:papel_picado_mexican_pink":4,"create:weathered_limestone":1637,"vehicle:gas_pump":1,"minecraft:andesite":1,"minecraft:egg":1,"tombstone:gift":3,"minecraft:yellow_bed":2,"securitycraft:reinforced_stone_brick_stairs":107,"securitycraft:reinforced_oak_stairs":2,"minecraft:coarse_dirt":3908,"minecraft:orange_terracotta":11,"securitycraft:reinforced_oak_log":306},"minecraft:mined":{"create:dolomite":48,"minecraft:crafting_table":1,"create:natural_scoria":2,"minecraft:granite":6,"mexicraft:nopal_bottom":1,"minecraft:grass_block":3,"minecraft:tall_grass":1,"minecraft:oak_planks":8,"minecraft:iron_ore":12,"minecraft:andesite":64,"treechop:chopped_log":20,"minecraft:yellow_bed":2,"minecraft:grass_path":2,"create:weathered_limestone":461,"minecraft:grass":8,"minecraft:oak_log":52,"minecraft:coal_ore":41,"create:gabbro":6,"minecraft:dirt":1,"biomesoplenty:barley":2,"minecraft:stone":16,"minecraft:stone_bricks":4,"minecraft:oak_leaves":245},"minecraft:picked_up":{"blockarmor:stone_bricks_chestplate":1,"blockarmor:stone_bricks_boots":1,"minecraft:crafting_table":1,"create:dolomite_cobblestone":48,"blockarmor:stone_bricks_leggings":1,"minecraft:andesite":64,"securitycraft:reinforced_lantern":2,"create:weathered_limestone_cobblestone":461,"minecraft:oak_log":51,"create:gabbro_cobblestone":6,"minecraft:yellow_bed":2,"minecraft:cornflower":1,"minecraft:dirt":6,"camera:image_frame":1,"minecraft:apple":1,"minecraft:stone_bricks":5,"minecraft:wheat_seeds":1,"securitycraft:keypad_frame":1,"minecraft:iron_ore":12,"camera:image":3,"minecraft:oak_planks":6,"minecraft:egg":1,"minecraft:stick":2,"additionalguns:m1014":1,"iceandfire:stymphalian_bird_feather":3,"minecraft:arrow":2,"create:scoria":2,"minecraft:granite":6,"minecraft:bread":1,"minecraft:oak_sapling":6,"minecraft:coal":41,"minecraft:cobblestone":16},"minecraft:custom":{"minecraft:interact_with_furnace":8,"lootr:looted_stat":3,"minecraft:mob_kills":1,"minecraft:interact_with_crafting_table":16,"minecraft:play_one_minute":279904,"minecraft:leave_game":18,"minecraft:time_since_death":4805,"minecraft:sleep_in_bed":8,"minecraft:time_since_rest":4011,"minecraft:waystone_activated":2,"minecraft:sprint_one_cm":212223,"minecraft:damage_taken":2698,"minecraft:walk_one_cm":504677,"minecraft:drop":9,"minecraft:use_wand":15001,"minecraft:damage_dealt":393,"minecraft:talked_to_villager":2,"minecraft:fly_one_cm":513194,"minecraft:open_chest":8,"minecraft:crouch_one_cm":5672,"minecraft:deaths":4,"minecraft:sneak_time":3542,"minecraft:jump":1504,"minecraft:fall_one_cm":18894},"minecraft:dropped":{"iceandfire:stymphalian_bird_feather":3,"minecraft:apple":1,"minecraft:torch":3,"minecraft:oak_sapling":6,"create:gabbro_cobblestone":2},"minecraft:crafted":{"minecraft:oak_planks":92,"minecraft:stone_shovel":1,"minecraft:crafting_table":2,"minecraft:wooden_pickaxe":1,"blockarmor:oak_log_leggings":1,"minecraft:oak_wood":3,"blockarmor:oak_log_helmet":1,"minecraft:stone_axe":1,"minecraft:air":0,"minecraft:iron_chestplate":1,"iceandfire:stymphalian_bird_dagger":1,"minecraft:stick":20,"minecraft:iron_pickaxe":1,"minecraft:iron_ingot":12,"blockarmor:oak_log_boots":1,"minecraft:stone_pickaxe":1,"blockarmor:oak_log_chestplate":1,"minecraft:torch":20},"minecraft:killed_by":{"minecraft:skeleton":1,"minecraft:creeper":1,"minecraft:zombie":2}},"DataVersion":2586}