{"stats":{"minecraft:used":{"camera:image_frame":9,"tac:workbench":1,"minecraft:spruce_slab":30,"minecraft:stone_shovel":2,"securitycraft:keypad_chest":1,"minecraft:stone_pickaxe":25,"minecraft:oak_planks":21,"minecraft:spruce_planks":23,"minecraft:wooden_pickaxe":14,"securitycraft:keypad_frame":1,"minecraft:stone":118,"minecraft:redstone_block":56,"securitycraft:security_camera":2,"minecraft:spruce_fence_gate":18,"create:gabbro":2,"customnpcs:npcwand":4,"minecraft:torch":1,"elevatorid:elevator_white":2,"minecraft:dirt":3623,"cgm:workbench":1,"securitycraft:reinforced_stone_bricks":928,"elevatorid:elevator_black":2,"minecraft:crafting_table":3,"minecraft:spruce_stairs":32,"minecraft:orange_wool":10,"securitycraft:universal_block_remover":1,"minecraft:granite":214,"minecraft:spruce_fence":27,"spartanweaponry:witch_head":1,"securitycraft:reinforced_glowstone":25,"quark:lit_lamp":8,"minecraft:cornflower":1,"minecraft:apple":3,"minecraft:coal_ore":7,"minecraft:red_wool":9,"constructionwand:infinity_wand":187,"minecraft:grass_block":2770,"minecraft:bread":6,"create:dolomite":2048,"carryon:entity_item":5,"minecraft:spruce_trapdoor":16,"quark:paper_lantern_sakura":1,"minecraft:stone_axe":28,"securitycraft:reinforced_lantern":4,"minecraft:redstone_lamp":59,"minecraft:potion":2,"additionalguns:m1014":1,"mexicraft:papel_picado_mexican_pink":4,"create:weathered_limestone":1637,"minecraft:yellow_bed":2,"minecraft:egg":1,"securitycraft:reinforced_stone_brick_stairs":107,"securitycraft:reinforced_oak_stairs":2,"minecraft:coarse_dirt":3908,"minecraft:orange_terracotta":11,"securitycraft:reinforced_oak_log":306},"minecraft:killed_by":{"minecraft:creeper":1,"minecraft:zombie":1},"minecraft:picked_up":{"minecraft:crafting_table":1,"create:dolomite_cobblestone":19,"securitycraft:reinforced_lantern":2,"create:weathered_limestone_cobblestone":459,"minecraft:oak_log":51,"create:gabbro_cobblestone":6,"minecraft:yellow_bed":2,"minecraft:cornflower":1,"minecraft:dirt":5,"camera:image_frame":1,"minecraft:apple":1,"minecraft:wheat_seeds":1,"securitycraft:keypad_frame":1,"minecraft:iron_ore":12,"camera:image":1,"minecraft:oak_planks":6,"minecraft:egg":1,"minecraft:stick":2,"additionalguns:m1014":1,"create:scoria":2,"minecraft:oak_sapling":6,"minecraft:coal":17,"minecraft:cobblestone":14},"minecraft:dropped":{"minecraft:apple":1,"minecraft:torch":3,"create:gabbro_cobblestone":2},"minecraft:crafted":{"minecraft:oak_planks":92,"minecraft:stone_shovel":1,"minecraft:crafting_table":2,"minecraft:wooden_pickaxe":1,"blockarmor:oak_log_leggings":1,"minecraft:oak_wood":3,"blockarmor:oak_log_helmet":1,"minecraft:stone_axe":1,"minecraft:stick":12,"blockarmor:oak_log_boots":1,"minecraft:stone_pickaxe":1,"blockarmor:oak_log_chestplate":1},"minecraft:mined":{"create:dolomite":19,"minecraft:crafting_table":1,"create:natural_scoria":2,"minecraft:grass_block":2,"minecraft:tall_grass":1,"minecraft:oak_planks":8,"minecraft:iron_ore":12,"treechop:chopped_log":20,"minecraft:yellow_bed":2,"minecraft:grass_path":2,"create:weathered_limestone":459,"minecraft:grass":7,"minecraft:oak_log":52,"minecraft:coal_ore":17,"create:gabbro":6,"minecraft:dirt":1,"minecraft:stone":14,"minecraft:oak_leaves":245},"minecraft:custom":{"lootr:looted_stat":3,"minecraft:interact_with_crafting_table":9,"minecraft:play_one_minute":191210,"minecraft:leave_game":15,"minecraft:time_since_death":154265,"minecraft:sleep_in_bed":5,"minecraft:time_since_rest":115912,"minecraft:waystone_activated":1,"minecraft:sprint_one_cm":122689,"minecraft:damage_taken":1463,"minecraft:walk_one_cm":358718,"minecraft:drop":6,"minecraft:use_wand":15001,"minecraft:damage_dealt":260,"minecraft:talked_to_villager":2,"minecraft:fly_one_cm":369785,"minecraft:open_chest":2,"minecraft:crouch_one_cm":4406,"minecraft:deaths":2,"minecraft:sneak_time":3072,"minecraft:jump":791,"minecraft:fall_one_cm":10525}},"DataVersion":2586}