{"stats":{"minecraft:custom":{"lootr:looted_stat":12,"minecraft:mob_kills":6,"minecraft:interact_with_anvil":2,"minecraft:interact_with_crafting_table":27,"minecraft:leave_game":23,"minecraft:time_since_death":122583,"minecraft:climb_one_cm":322,"minecraft:sprint_one_cm":364403,"minecraft:walk_one_cm":717558,"minecraft:damage_blocked_by_shield":962,"minecraft:drop":30,"minecraft:talked_to_villager":2,"minecraft:deaths":7,"minecraft:sneak_time":4879,"minecraft:walk_under_water_one_cm":3392,"minecraft:jump":2541,"minecraft:walk_on_water_one_cm":341,"minecraft:interact_with_furnace":37,"minecraft:play_one_minute":435463,"minecraft:sleep_in_bed":17,"minecraft:time_since_rest":7851,"minecraft:waystone_activated":4,"minecraft:damage_taken":4720,"minecraft:use_wand":15001,"minecraft:damage_dealt":997,"minecraft:fly_one_cm":775375,"minecraft:open_chest":36,"minecraft:crouch_one_cm":8083,"minecraft:fall_one_cm":30406,"minecraft:horse_one_cm":5255},"minecraft:used":{"camera:image_frame":9,"minecraft:flint_and_steel":7,"additionalguns:pp_19":4,"minecraft:spruce_slab":30,"minecraft:armor_stand":2,"minecraft:stone_shovel":2,"securitycraft:keypad_chest":3,"minecraft:spruce_planks":23,"minecraft:stone":118,"additionalguns:over_under":3,"securitycraft:security_camera":2,"create:gabbro":11,"customnpcs:npcwand":9,"minecraft:oak_door":2,"minecraft:torch":12,"minecraft:anvil":2,"minecraft:dirt":3626,"cgm:workbench":1,"elevatorid:elevator_black":2,"quark:blue_candle":2,"minecraft:spruce_stairs":32,"minecraft:orange_wool":10,"minecraft:granite":214,"minecraft:spruce_fence":33,"minecraft:coal_ore":7,"alexsmobs:spawn_egg_gorilla":1,"mts:mts.vehiclebench":3,"minecraft:red_wool":9,"constructionwand:infinity_wand":187,"minecraft:lantern":8,"minecraft:iron_axe":15,"minecraft:grass_block":2770,"carryon:entity_item":5,"quark:paper_lantern_sakura":1,"minecraft:stone_bricks":1,"cgm:grenade_launcher":1,"securitycraft:reinforced_lantern":7,"carryon:tile_item":4,"minecraft:redstone_lamp":59,"additionalguns:m1014":1,"minecraft:beef":1,"mexicraft:papel_picado_mexican_pink":4,"create:weathered_limestone":1637,"minecraft:furnace":1,"alexsmobs:banana":1,"tombstone:gift":4,"minecraft:egg":2,"securitycraft:reinforced_stone_brick_stairs":138,"minecraft:cooked_beef":8,"waystones:white_sharestone":1,"minecraft:orange_terracotta":11,"travelersbackpack:fox":1,"mts:mts.custombench":1,"mca:male_villager_spawn_egg":3,"tac:workbench":1,"vehicle:fluid_extractor":1,"minecraft:stone_pickaxe":25,"minecraft:dark_oak_sign":3,"securitycraft:reinforced_stone_brick_slab":31,"minecraft:oak_planks":28,"minecraft:wooden_pickaxe":14,"securitycraft:keypad_frame":1,"vehicle:workstation":1,"minecraft:redstone_block":56,"minecraft:spruce_fence_gate":18,"iceandfire:stymphalian_bird_dagger":51,"elevatorid:elevator_white":2,"vehicle:jack":1,"securitycraft:reinforced_stone_bricks":940,"minecraft:crafting_table":4,"mca:female_villager_spawn_egg":3,"quark:red_stool":2,"securitycraft:universal_block_remover":1,"minecraft:white_bed":1,"spartanweaponry:witch_head":1,"securitycraft:reinforced_glowstone":25,"quark:lit_lamp":10,"waystones:waystone":2,"minecraft:diamond_pickaxe":71,"minecraft:cornflower":1,"minecraft:apple":7,"scalinghealth:enchanted_heart":16,"minecraft:iron_pickaxe":246,"minecraft:cyan_bed":6,"minecraft:bread":13,"create:dolomite":2048,"minecraft:barrier":22,"minecraft:spruce_trapdoor":16,"spartanshields:shield_basic_iron":16,"minecraft:pink_bed":4,"minecraft:stone_axe":31,"minecraft:cobblestone":2,"minecraft:potion":2,"vehicle:gas_pump":1,"minecraft:andesite":1,"minecraft:yellow_bed":2,"quark:oak_chest":1,"securitycraft:reinforced_oak_stairs":2,"minecraft:coarse_dirt":3908,"securitycraft:reinforced_oak_log":323},"minecraft:killed_by":{"minecraft:creeper":1,"mutantbeasts:mutant_skeleton":1,"minecraft:skeleton":1,"minecraft:zombie":4},"minecraft:mined":{"create:zinc_ore":22,"farmersdelight:rich_soil":3,"create:dolomite":48,"minecraft:oak_door":1,"mexicraft:salt_ore":2,"create:natural_scoria":3,"minecraft:granite":6,"minecraft:grass_block":3,"minecraft:spawner":8,"minecraft:furnace":1,"minecraft:iron_ore":93,"minecraft:fire":1,"minecraft:andesite":64,"treechop:chopped_log":20,"minecraft:anvil":1,"minecraft:vine":4,"biomesoplenty:barley":2,"minecraft:stone":62,"minecraft:crafting_table":2,"minecraft:torch":1,"mexicraft:nopal_bottom":1,"minecraft:tall_grass":1,"minecraft:cobblestone":4,"minecraft:cyan_bed":2,"minecraft:oak_planks":14,"minecraft:diorite":2,"minecraft:yellow_bed":2,"minecraft:grass_path":2,"create:weathered_limestone":461,"minecraft:grass":8,"minecraft:oak_log":52,"minecraft:coal_ore":48,"create:gabbro":7,"minecraft:dirt":6,"minecraft:lodestone":4,"minecraft:stone_bricks":4,"minecraft:oak_leaves":245},"minecraft:broken":{"minecraft:iron_pickaxe":1},"minecraft:killed":{"minecraft:silverfish":1,"minecraft:cow":3},"minecraft:dropped":{"minecraft:wheat_seeds":1,"minecraft:cobblestone":3,"minecraft:apple":1,"blockarmor:stone_bricks_leggings":1,"minecraft:dirt":9,"minecraft:torch":3,"blockarmor:stone_bricks_boots":1,"mexicraft:salt":1,"iceandfire:stymphalian_bird_feather":3,"minecraft:stone_axe":1,"minecraft:coarse_dirt":2,"create:scoria":1,"minecraft:spruce_trapdoor":1,"minecraft:oak_sapling":6,"minecraft:stone_bricks":4,"travelersbackpack:fox":1,"alexsmobs:banana":6,"iceandfire:manuscript":10,"create:gabbro_cobblestone":10,"minecraft:terracotta":5},"minecraft:picked_up":{"blockarmor:stone_bricks_chestplate":1,"iceandfire:dragon_skull_lightning":1,"relics:delay_ring":1,"minecraft:crafting_table":2,"create:dolomite_cobblestone":48,"minecraft:anvil":1,"securitycraft:reinforced_lantern":2,"minecraft:lead":2,"minecraft:cornflower":1,"minecraft:string":10,"camera:image_frame":1,"alexsmobs:banana":3,"securitycraft:keypad_frame":1,"minecraft:beef":8,"create:zinc_ore":22,"minecraft:egg":2,"minecraft:furnace":1,"minecraft:stick":2,"iceandfire:dragonbone":22,"minecraft:oak_door":2,"minecraft:torch":1,"additionalguns:glock18":1,"additionalguns:m1014":1,"minecraft:diorite":1,"minecraft:arrow":2,"create:scoria":3,"alexsmobs:emu_egg":4,"minecraft:cobblestone":57,"farmersdelight:rich_soil":3,"blockarmor:stone_bricks_boots":1,"blockarmor:stone_bricks_leggings":1,"minecraft:andesite":64,"minecraft:leather":6,"create:weathered_limestone_cobblestone":461,"minecraft:oak_log":51,"create:gabbro_cobblestone":7,"minecraft:yellow_bed":2,"minecraft:dirt":14,"minecraft:apple":1,"minecraft:stone_bricks":5,"minecraft:wheat_seeds":1,"minecraft:iron_ore":93,"camera:image":3,"minecraft:oak_planks":13,"iceandfire:stymphalian_bird_feather":3,"minecraft:cyan_bed":2,"travelersbackpack:fox":1,"minecraft:stone_axe":1,"waystones:waystone":3,"minecraft:granite":6,"minecraft:bread":1,"minecraft:lodestone":4,"minecraft:oak_sapling":6,"minecraft:coal":108,"mexicraft:salt":1},"minecraft:crafted":{"minecraft:oak_planks":92,"minecraft:stone_shovel":1,"spartanshields:shield_basic_iron":1,"blockarmor:oak_log_leggings":1,"minecraft:iron_axe":1,"minecraft:stone_pickaxe":1,"spartanshields:shield_basic_wood":1,"minecraft:cooked_beef":8,"sophisticatedbackpacks:backpack":1,"minecraft:crafting_table":2,"minecraft:wooden_pickaxe":1,"minecraft:iron_helmet":1,"minecraft:oak_wood":3,"blockarmor:oak_log_helmet":1,"minecraft:stone_axe":1,"minecraft:air":0,"minecraft:iron_chestplate":1,"iceandfire:stymphalian_bird_dagger":1,"minecraft:stick":24,"quark:oak_chest":2,"minecraft:iron_pickaxe":2,"minecraft:iron_ingot":104,"blockarmor:oak_log_boots":1,"minecraft:iron_leggings":1,"blockarmor:oak_log_chestplate":1,"minecraft:torch":20}},"DataVersion":2586}