{"stats":{"minecraft:killed_by":{"minecraft:zombie":1},"minecraft:custom":{"minecraft:jump":14,"minecraft:deaths":1,"minecraft:time_since_rest":202,"minecraft:damage_taken":270,"minecraft:crouch_one_cm":9,"minecraft:play_one_minute":7571,"minecraft:leave_game":3,"minecraft:sprint_one_cm":3893,"minecraft:time_since_death":0,"minecraft:walk_one_cm":8801,"minecraft:sneak_time":50,"minecraft:fall_one_cm":482,"minecraft:fly_one_cm":9998},"minecraft:mined":{"minecraft:oak_log":3,"treechop:chopped_log":2,"minecraft:oak_leaves":56},"minecraft:picked_up":{"minecraft:stick":2,"minecraft:oak_log":3,"minecraft:oak_sapling":2}},"DataVersion":2586}