{"stats":{"minecraft:custom":{"lootr:looted_stat":3,"minecraft:interact_with_crafting_table":9,"minecraft:play_one_minute":102145,"minecraft:leave_game":15,"minecraft:time_since_death":65200,"minecraft:sleep_in_bed":5,"minecraft:time_since_rest":26847,"minecraft:waystone_activated":1,"minecraft:sprint_one_cm":73003,"minecraft:damage_taken":1463,"minecraft:walk_one_cm":130399,"minecraft:drop":6,"minecraft:use_wand":14334,"minecraft:damage_dealt":260,"minecraft:talked_to_villager":2,"minecraft:fly_one_cm":249146,"minecraft:open_chest":2,"minecraft:crouch_one_cm":1963,"minecraft:deaths":2,"minecraft:sneak_time":2240,"minecraft:jump":605,"minecraft:fall_one_cm":10525},"minecraft:crafted":{"minecraft:oak_planks":92,"minecraft:stone_shovel":1,"minecraft:crafting_table":2,"minecraft:wooden_pickaxe":1,"blockarmor:oak_log_leggings":1,"minecraft:oak_wood":3,"blockarmor:oak_log_helmet":1,"minecraft:stone_axe":1,"minecraft:stick":12,"blockarmor:oak_log_boots":1,"minecraft:stone_pickaxe":1,"blockarmor:oak_log_chestplate":1},"minecraft:killed_by":{"minecraft:creeper":1,"minecraft:zombie":1},"minecraft:picked_up":{"minecraft:crafting_table":1,"create:weathered_limestone_cobblestone":116,"minecraft:oak_log":51,"create:gabbro_cobblestone":6,"minecraft:yellow_bed":2,"minecraft:cornflower":1,"minecraft:dirt":5,"minecraft:apple":1,"minecraft:wheat_seeds":1,"minecraft:iron_ore":8,"minecraft:oak_planks":6,"minecraft:egg":1,"minecraft:stick":2,"create:scoria":2,"minecraft:oak_sapling":6,"minecraft:coal":12,"minecraft:cobblestone":14},"minecraft:mined":{"minecraft:crafting_table":1,"create:natural_scoria":2,"minecraft:grass_block":2,"minecraft:tall_grass":1,"minecraft:oak_planks":8,"minecraft:iron_ore":8,"treechop:chopped_log":20,"minecraft:yellow_bed":2,"minecraft:grass_path":2,"create:weathered_limestone":120,"minecraft:grass":7,"minecraft:coal_ore":12,"minecraft:oak_log":52,"create:gabbro":6,"minecraft:dirt":1,"minecraft:stone":14,"minecraft:oak_leaves":245},"minecraft:used":{"camera:image_frame":1,"minecraft:stone_shovel":2,"minecraft:stone_pickaxe":25,"minecraft:oak_planks":21,"minecraft:wooden_pickaxe":14,"minecraft:stone":118,"create:gabbro":2,"customnpcs:npcwand":2,"minecraft:torch":1,"elevatorid:elevator_white":2,"minecraft:dirt":3623,"minecraft:crafting_table":3,"minecraft:granite":214,"minecraft:cornflower":1,"minecraft:apple":3,"minecraft:coal_ore":7,"minecraft:grass_block":2770,"constructionwand:infinity_wand":152,"minecraft:bread":6,"create:dolomite":2048,"carryon:entity_item":2,"minecraft:stone_axe":28,"minecraft:potion":1,"create:weathered_limestone":1637,"minecraft:yellow_bed":2,"minecraft:egg":1,"minecraft:coarse_dirt":3908,"minecraft:orange_terracotta":11},"minecraft:dropped":{"minecraft:apple":1,"minecraft:torch":3,"create:gabbro_cobblestone":2}},"DataVersion":2586}