{"stats":{"minecraft:custom":{"minecraft:time_since_rest":2847,"minecraft:waystone_activated":1,"lootr:looted_stat":3,"minecraft:sprint_one_cm":69176,"minecraft:damage_taken":1463,"minecraft:walk_one_cm":121665,"minecraft:drop":3,"minecraft:damage_dealt":260,"minecraft:interact_with_crafting_table":9,"minecraft:fly_one_cm":122527,"minecraft:talked_to_villager":2,"minecraft:open_chest":2,"minecraft:play_one_minute":78145,"minecraft:crouch_one_cm":1942,"minecraft:deaths":2,"minecraft:sneak_time":1649,"minecraft:jump":588,"minecraft:leave_game":14,"minecraft:time_since_death":41200,"minecraft:sleep_in_bed":5,"minecraft:fall_one_cm":10525},"minecraft:crafted":{"minecraft:oak_planks":92,"minecraft:stone_shovel":1,"minecraft:crafting_table":2,"minecraft:stick":12,"blockarmor:oak_log_boots":1,"minecraft:wooden_pickaxe":1,"minecraft:stone_pickaxe":1,"blockarmor:oak_log_chestplate":1,"blockarmor:oak_log_leggings":1,"minecraft:oak_wood":3,"blockarmor:oak_log_helmet":1,"minecraft:stone_axe":1},"minecraft:killed_by":{"minecraft:creeper":1,"minecraft:zombie":1},"minecraft:picked_up":{"minecraft:stick":2,"minecraft:crafting_table":1,"minecraft:oak_log":51,"minecraft:yellow_bed":2,"create:gabbro_cobblestone":6,"minecraft:dirt":5,"minecraft:cornflower":1,"minecraft:apple":1,"create:scoria":2,"minecraft:wheat_seeds":1,"minecraft:iron_ore":8,"minecraft:oak_sapling":6,"minecraft:oak_planks":6,"minecraft:coal":12,"minecraft:cobblestone":14,"minecraft:egg":1},"minecraft:mined":{"minecraft:iron_ore":8,"treechop:chopped_log":20,"minecraft:yellow_bed":2,"minecraft:crafting_table":1,"minecraft:grass_path":2,"create:natural_scoria":2,"minecraft:grass":7,"minecraft:grass_block":2,"minecraft:oak_log":52,"minecraft:coal_ore":12,"create:gabbro":6,"minecraft:dirt":1,"minecraft:tall_grass":1,"minecraft:stone":14,"minecraft:oak_planks":8,"minecraft:oak_leaves":245},"minecraft:used":{"minecraft:cornflower":1,"minecraft:apple":3,"minecraft:stone_pickaxe":25,"minecraft:stone_shovel":2,"minecraft:bread":6,"minecraft:oak_planks":21,"carryon:entity_item":2,"minecraft:wooden_pickaxe":14,"customnpcs:npcwand":1,"minecraft:stone_axe":28,"minecraft:dirt":2,"minecraft:crafting_table":3,"minecraft:yellow_bed":2,"minecraft:egg":1},"minecraft:dropped":{"minecraft:apple":1,"create:gabbro_cobblestone":2}},"DataVersion":2586}