{"stats":{"minecraft:custom":{"lootr:looted_stat":29,"minecraft:interact_with_crafting_table":55,"minecraft:leave_game":11,"minecraft:time_since_death":70968,"minecraft:sprint_one_cm":845497,"minecraft:damage_blocked_by_shield":5337,"minecraft:drop":72,"minecraft:deaths":16,"minecraft:jump":7120,"minecraft:interact_with_brewingstand":1,"minecraft:walk_on_water_one_cm":18653,"minecraft:interact_with_furnace":55,"minecraft:play_one_minute":649349,"minecraft:sleep_in_bed":33,"minecraft:waystone_activated":13,"minecraft:damage_dealt":4285,"minecraft:crouch_one_cm":10576,"tombstone:undead_killed":2,"minecraft:inspect_dispenser":2,"minecraft:mob_kills":23,"minecraft:climb_one_cm":2399,"minecraft:walk_one_cm":1354545,"minecraft:sneak_time":4841,"minecraft:walk_under_water_one_cm":3859,"minecraft:interact_with_grindstone":2,"minecraft:interact_with_stonecutter":6,"minecraft:time_since_rest":11502,"minecraft:damage_taken":8859,"minecraft:swim_one_cm":3278,"minecraft:fly_one_cm":1709810,"minecraft:open_chest":56,"minecraft:fall_one_cm":146490},"minecraft:broken":{"spartanweaponry:halberd_silver":1,"minecraft:shield":1,"minecraft:iron_pickaxe":1,"minecraft:iron_helmet":1},"minecraft:picked_up":{"ganjacraft:sativa_seed":11,"create:dolomite_cobblestone":54,"minecraft:redstone_block":4,"iceandfire:copper_ore":8,"minecraft:flower_pot":1,"ganjacraft:indica_seed":10,"minecraft:smithing_table":1,"minecraft:stone_brick_stairs":10,"minecraft:brewing_stand":1,"mexicraft:chili_piquin_seeds":7,"minecraft:string":43,"mts:mts.handbook_plane":1,"minecraft:beetroot":1,"alexsmobs:emu_feather":2,"minecraft:gold_nugget":130,"minecraft:spruce_planks":3,"quark:root_item":1,"minecraft:melon_slice":59,"minecraft:furnace":4,"mexicraft:chili_chilaca_seeds":1,"minecraft:stick":18,"mexicraft:chili_poblano_red_seeds":5,"minecraft:torch":75,"mexicraft:chili_green_seeds":5,"minecraft:spruce_stairs":1,"minecraft:porkchop":2,"mexicraft:brain":3,"tombstone:grave_dust":1,"mexicraft:chili_red_seeds":7,"mexicraft:chili_serrano_seeds":2,"minecraft:cactus":16,"minecraft:rotten_flesh":5,"farmersdelight:onion":3,"minecraft:iron_block":5,"alexsmobs:emu_egg":1,"minecraft:iron_bars":12,"quark:marble":4,"minecraft:cobblestone":105,"spartanweaponry:halberd_silver":1,"minecraft:feather":1,"minecraft:lilac":10,"minecraft:andesite":79,"mexicraft:chili_anaheim_seeds":1,"minecraft:flint":1,"mexicraft:chili_arbol_seeds":5,"create:gabbro_cobblestone":2,"minecraft:dirt":45,"create:copper_ore":12,"minecraft:bow":1,"minecraft:wheat_seeds":21,"minecraft:grindstone":1,"apotheosis:digger_book":1,"spartanweaponry:saber_iron":1,"minecraft:oak_planks":36,"apotheosis:null_book":1,"minecraft:jungle_planks":2,"mexicraft:chili_poblano_seeds":2,"iceandfire:stymphalian_bird_feather":21,"minecraft:lily_of_the_valley":1,"minecraft:jungle_slab":1,"minecraft:mossy_cobblestone":8,"iceandfire:lectern":1,"waystones:waystone":10,"minecraft:bread":40,"minecraft:oak_sapling":2,"minecraft:netherrack":1,"iceandfire:silver_nugget":10,"mexicraft:salt":3,"iceandfire:copper_ingot":2,"iceandfire:dragon_skull_lightning":3,"minecraft:cocoa_beans":6,"minecraft:crafting_table":5,"apotheosis:weapon_book":1,"minecraft:stone_brick_wall":1,"minecraft:gold_block":3,"minecraft:cornflower":2,"mexicraft:chili_habanero_seeds":5,"minecraft:item_frame":2,"apotheosis:scrap_tome":1,"apotheosis:armor_feet_book":1,"minecraft:beef":24,"create:zinc_ore":24,"minecraft:iron_nugget":16,"minecraft:spruce_slab":7,"minecraft:sugar_cane":10,"minecraft:spruce_trapdoor":9,"iceandfire:dragonbone":46,"minecraft:oak_door":3,"apotheosis:common_tome":1,"minecraft:carrot":4,"create:zinc_ingot":24,"minecraft:dark_oak_planks":4,"mexicraft:chili_mirasol_seeds":2,"minecraft:beetroot_seeds":3,"minecraft:hay_block":70,"minecraft:gold_ingot":1,"minecraft:mutton":8,"minecraft:white_wool":52,"minecraft:bone_block":26,"mexicraft:nopal":6,"minecraft:leather":9,"minecraft:jungle_fence":2,"mexicraft:chili_bola_seeds":5,"relics:fragrant_flower":1,"minecraft:oak_log":9,"minecraft:yellow_bed":3,"minecraft:gunpowder":1,"minecraft:cobblestone_wall":17,"mexicraft:red_dahlia":1,"minecraft:apple":1,"minecraft:stone_bricks":122,"minecraft:iron_ingot":40,"minecraft:stone_pickaxe":1,"quark:tallow":1,"minecraft:iron_ore":44,"minecraft:iron_sword":1,"minecraft:book":51,"iceandfire:copper_nugget":14,"minecraft:gravel":25,"minecraft:white_bed":3,"quark:oak_chest":1,"minecraft:spruce_door":1,"travelersbackpack:fox":2,"minecraft:stone_axe":1,"minecraft:black_wool":1,"minecraft:coal":154},"minecraft:used":{"minecraft:beetroot":1,"minecraft:shield":115,"minecraft:iron_sword":168,"minecraft:jungle_planks":2,"minecraft:carrot":2,"minecraft:jungle_slab":1,"minecraft:stone_bricks":587,"minecraft:bow":1,"minecraft:furnace":5,"spartanweaponry:halberd_silver":50,"spartanweaponry:rapier_iron":2,"minecraft:spruce_door":1,"minecraft:stone_pickaxe":552,"minecraft:oak_planks":4,"iceandfire:stymphalian_bird_dagger":68,"quark:marble":1,"minecraft:stone_brick_wall":49,"waystones:waystone":7,"minecraft:bread":44,"create:dolomite":3,"minecraft:gravel":2,"spartanweaponry:saber_iron":26,"minecraft:grindstone":1,"minecraft:andesite":70,"minecraft:flint_and_steel":7,"minecraft:cooked_chicken":3,"minecraft:oak_door":4,"minecraft:torch":81,"minecraft:dirt":21,"minecraft:dark_oak_planks":3,"securitycraft:dirt_mine":1,"create:dolomite_cobblestone":1,"tombstone:gift":4,"minecraft:cooked_beef":2,"travelersbackpack:fox":2,"minecraft:cooked_mutton":1,"minecraft:baked_potato":6,"minecraft:stonecutter":1,"farmersdelight:onion":8,"minecraft:crafting_table":4,"minecraft:white_bed":3,"minecraft:iron_pickaxe":162,"minecraft:stone_axe":133,"minecraft:cobblestone":64,"minecraft:potion":1,"create:gabbro_cobblestone":2,"minecraft:yellow_bed":3},"minecraft:killed_by":{"mexicraft:minor_tzitzimitl":1,"iceandfire:cyclops":2,"iceandfire:stymphalian_bird":2,"minecraft:zombie":2,"mca:female_villager":1,"alexsmobs:gorilla":1,"minecraft:husk":1,"minecraft:enderman":1,"minecraft:skeleton":3,"mowziesmobs:foliaath":1},"minecraft:crafted":{"securitycraft:mine":9,"minecraft:oak_planks":28,"minecraft:stone":64,"blockarmor:stone_bricks_leggings":1,"minecraft:bow":1,"minecraft:iron_boots":1,"minecraft:chest":1,"sophisticatedbackpacks:backpack":1,"minecraft:crafting_table":1,"minecraft:iron_helmet":1,"minecraft:baked_potato":1,"blockarmor:stone_bricks_chestplate":1,"minecraft:iron_chestplate":1,"minecraft:shield":2,"minecraft:stick":16,"quark:oak_chest":1,"minecraft:iron_ingot":105,"minecraft:iron_pickaxe":2,"minecraft:gold_ingot":14,"iceandfire:stymphalian_feather_bundle":1,"minecraft:oak_door":3,"securitycraft:furnace_mine":1,"minecraft:stone_brick_wall":48,"minecraft:iron_nugget":171,"blockarmor:stone_bricks_boots":1,"minecraft:furnace":4,"minecraft:lead":1,"minecraft:wheat":315,"sophisticatedbackpacks:iron_backpack":1,"minecraft:cooked_beef":15,"spartanweaponry:halberd_silver":1,"spartanweaponry:pole":1,"minecraft:iron_sword":1,"sophisticatedbackpacks:gold_backpack":1,"securitycraft:cobblestone_mine":1,"minecraft:bread":96,"minecraft:air":0,"securitycraft:dirt_mine":7,"create:dolomite":3,"iceandfire:stymphalian_bird_dagger":1,"minecraft:iron_leggings":1,"minecraft:stonecutter":1,"minecraft:torch":32,"create:zinc_ingot":24},"minecraft:mined":{"minecraft:dark_oak_planks":3,"minecraft:white_bed":3,"create:dolomite":54,"iceandfire:copper_pile":2,"minecraft:jungle_slab":1,"minecraft:brewing_stand":1,"minecraft:stone_brick_wall":1,"minecraft:grass_block":25,"iceandfire:lectern":1,"mexicraft:chili_bush":69,"minecraft:spawner":4,"minecraft:iron_ore":44,"minecraft:fire":15,"create:dolomite_cobblestone":1,"create:copper_ore":12,"iceandfire:gold_pile":19,"minecraft:iron_bars":8,"minecraft:iron_block":4,"minecraft:torch":2,"minecraft:melon":14,"minecraft:cobblestone":14,"minecraft:sugar_cane":3,"minecraft:grindstone":1,"minecraft:oak_planks":5,"minecraft:wall_torch":6,"quark:marble":4,"minecraft:lilac":9,"minecraft:grass":51,"minecraft:oak_log":7,"create:gabbro":2,"minecraft:beetroots":1,"minecraft:dirt":20,"minecraft:netherrack":1,"minecraft:oak_leaves":56,"create:zinc_ore":24,"mexicraft:red_dahlia":1,"farmersdelight:onions":1,"minecraft:mossy_cobblestone":7,"minecraft:potted_wither_rose":1,"minecraft:oak_door":1,"mexicraft:salt_ore":4,"biomesoplenty:bush":1,"minecraft:jungle_planks":2,"iceandfire:chared_dirt":1,"iceandfire:chared_grass":2,"minecraft:large_fern":3,"minecraft:hay_block":70,"minecraft:furnace":4,"iceandfire:copper_ore":8,"minecraft:andesite":80,"treechop:chopped_log":3,"minecraft:gold_block":3,"minecraft:bookshelf":16,"biomesoplenty:mahogany_leaves":2,"minecraft:vine":6,"biomesoplenty:barley":11,"minecraft:stone":87,"minecraft:bone_block":26,"minecraft:white_wool":51,"minecraft:smithing_table":1,"minecraft:redstone_block":4,"minecraft:glass_pane":1,"quark:oak_chest":1,"minecraft:crafting_table":2,"mexicraft:nopal_bottom":3,"biomesoplenty:potted_fir_sapling":1,"minecraft:tall_grass":65,"biomesoplenty:sprout":2,"minecraft:cactus":4,"minecraft:birch_leaves":5,"minecraft:jungle_fence":2,"minecraft:grass_path":1,"minecraft:yellow_bed":3,"minecraft:coal_ore":158,"iceandfire:silver_pile":3,"minecraft:cocoa":2,"minecraft:gravel":2,"minecraft:cobweb":40,"minecraft:stone_bricks":46,"minecraft:fern":43,"quark:root":1},"minecraft:killed":{"minecraft:spider":1,"iceandfire:stymphalian_bird":1,"minecraft:pig":1,"minecraft:creeper":1,"minecraft:sheep":2,"minecraft:zombie":1,"minecraft:cow":9,"mca:female_zombie_villager":1,"minecraft:horse":1,"mexicraft:xoloitzcuintle":1,"minecraft:bat":1,"alexsmobs:emu":1,"alexsmobs:cockroach":1},"minecraft:dropped":{"mexicraft:red_dahlia":1,"relics:fragrant_flower":1,"minecraft:item_frame":2,"minecraft:light_weighted_pressure_plate":1,"minecraft:dirt":9,"blockarmor:stone_bricks_boots":1,"minecraft:cornflower":2,"minecraft:mutton":2,"relics:delay_ring":1,"minecraft:dark_oak_planks":1,"minecraft:oak_door":1,"ganjacraft:indica_seed":8,"minecraft:gravel":9,"minecraft:stone_axe":1,"minecraft:iron_nugget":30,"minecraft:rotten_flesh":3,"iceandfire:copper_ore":6,"minecraft:carrot":2,"minecraft:spruce_slab":7,"minecraft:iron_bars":4,"travelersbackpack:fox":1,"minecraft:beef":7,"minecraft:stone_brick_stairs":5,"minecraft:bread":3,"minecraft:wheat_seeds":19,"minecraft:lilac":10,"create:copper_ore":1,"minecraft:mossy_cobblestone":2,"minecraft:cobblestone":1,"minecraft:spruce_stairs":1,"blockarmor:stone_bricks_leggings":1,"mexicraft:brain":2,"minecraft:iron_block":1,"minecraft:torch":1,"blockarmor:stone_bricks_chestplate":1,"tombstone:grave_dust":1,"minecraft:chainmail_leggings":1,"minecraft:string":10,"ganjacraft:sativa_seed":2,"minecraft:cobblestone_wall":17,"mts:mts.handbook_plane":1,"minecraft:lily_of_the_valley":1,"minecraft:potato":7,"minecraft:shield":1,"minecraft:spruce_trapdoor":9,"minecraft:spruce_planks":10,"create:zinc_ingot":24,"minecraft:oak_sapling":1,"minecraft:stone_bricks":10,"minecraft:stone_pickaxe":1}},"DataVersion":2586}