{"stats":{"minecraft:used":{"minecraft:shield":112,"minecraft:iron_sword":150,"minecraft:cooked_chicken":3,"minecraft:oak_door":2,"minecraft:torch":64,"minecraft:dirt":15,"minecraft:jungle_planks":2,"minecraft:carrot":2,"minecraft:jungle_slab":1,"minecraft:dark_oak_planks":3,"minecraft:stone_bricks":64,"minecraft:bow":1,"create:dolomite_cobblestone":1,"minecraft:furnace":5,"tombstone:gift":4,"minecraft:cooked_beef":2,"spartanweaponry:halberd_silver":50,"minecraft:cooked_mutton":1,"minecraft:spruce_door":1,"minecraft:baked_potato":6,"minecraft:oak_planks":4,"minecraft:stone_pickaxe":532,"iceandfire:stymphalian_bird_dagger":45,"farmersdelight:onion":8,"minecraft:crafting_table":3,"quark:marble":1,"minecraft:white_bed":3,"waystones:waystone":6,"minecraft:iron_pickaxe":123,"minecraft:bread":25,"create:dolomite":3,"minecraft:stone_axe":17,"spartanweaponry:saber_iron":26,"minecraft:cobblestone":48,"minecraft:potion":1,"create:gabbro_cobblestone":2,"minecraft:andesite":70,"minecraft:beetroot":1},"minecraft:killed":{"mca:female_zombie_villager":1,"minecraft:spider":1,"iceandfire:stymphalian_bird":1,"minecraft:horse":1,"mexicraft:xoloitzcuintle":1,"minecraft:pig":1,"minecraft:bat":1,"minecraft:creeper":1,"alexsmobs:emu":1,"minecraft:sheep":2,"minecraft:zombie":1,"alexsmobs:cockroach":1,"minecraft:cow":7},"minecraft:picked_up":{"iceandfire:copper_ingot":2,"iceandfire:dragon_skull_lightning":3,"minecraft:crafting_table":4,"ganjacraft:sativa_seed":3,"create:dolomite_cobblestone":54,"minecraft:redstone_block":4,"minecraft:flower_pot":1,"iceandfire:copper_ore":8,"ganjacraft:indica_seed":6,"apotheosis:weapon_book":1,"minecraft:stone_brick_stairs":10,"mexicraft:chili_piquin_seeds":2,"minecraft:cornflower":2,"minecraft:string":41,"mexicraft:chili_habanero_seeds":1,"minecraft:item_frame":2,"mts:mts.handbook_plane":1,"minecraft:beetroot":1,"alexsmobs:emu_feather":2,"apotheosis:scrap_tome":1,"minecraft:spruce_planks":3,"apotheosis:armor_feet_book":1,"minecraft:beef":22,"create:zinc_ore":24,"minecraft:iron_nugget":16,"quark:root_item":1,"minecraft:spruce_slab":7,"minecraft:sugar_cane":10,"minecraft:spruce_trapdoor":9,"minecraft:furnace":4,"mexicraft:chili_chilaca_seeds":1,"minecraft:stick":6,"iceandfire:dragonbone":46,"mexicraft:chili_poblano_red_seeds":1,"minecraft:oak_door":1,"minecraft:torch":74,"minecraft:spruce_stairs":1,"minecraft:porkchop":2,"apotheosis:common_tome":1,"mexicraft:brain":3,"tombstone:grave_dust":1,"minecraft:carrot":4,"create:zinc_ingot":24,"minecraft:dark_oak_planks":4,"mexicraft:chili_red_seeds":3,"mexicraft:chili_serrano_seeds":1,"minecraft:cactus":16,"minecraft:rotten_flesh":3,"mexicraft:chili_mirasol_seeds":1,"minecraft:beetroot_seeds":3,"farmersdelight:onion":3,"minecraft:hay_block":35,"minecraft:iron_block":5,"alexsmobs:emu_egg":1,"minecraft:gold_ingot":1,"minecraft:mutton":8,"minecraft:iron_bars":12,"minecraft:bone_block":26,"quark:marble":4,"minecraft:white_wool":52,"minecraft:cobblestone":94,"mexicraft:nopal":4,"minecraft:lilac":6,"spartanweaponry:halberd_silver":1,"minecraft:feather":1,"minecraft:andesite":79,"mexicraft:chili_bola_seeds":1,"minecraft:leather":8,"mexicraft:chili_anaheim_seeds":1,"minecraft:jungle_fence":2,"relics:fragrant_flower":1,"minecraft:flint":1,"minecraft:oak_log":7,"mexicraft:chili_arbol_seeds":2,"create:gabbro_cobblestone":2,"minecraft:cobblestone_wall":17,"minecraft:gunpowder":1,"minecraft:dirt":36,"mexicraft:red_dahlia":1,"create:copper_ore":12,"minecraft:apple":1,"minecraft:stone_bricks":38,"minecraft:bow":1,"minecraft:wheat_seeds":4,"quark:tallow":1,"minecraft:iron_ore":44,"minecraft:stone_pickaxe":1,"apotheosis:digger_book":1,"spartanweaponry:saber_iron":1,"minecraft:oak_planks":34,"minecraft:book":3,"mexicraft:chili_poblano_seeds":1,"apotheosis:null_book":1,"minecraft:jungle_planks":2,"iceandfire:stymphalian_bird_feather":21,"minecraft:white_bed":3,"quark:oak_chest":1,"minecraft:lily_of_the_valley":1,"minecraft:jungle_slab":1,"minecraft:spruce_door":1,"minecraft:mossy_cobblestone":2,"waystones:waystone":8,"minecraft:bread":40,"minecraft:oak_sapling":2,"minecraft:black_wool":1,"mexicraft:salt":3,"minecraft:coal":154},"minecraft:mined":{"minecraft:dark_oak_planks":3,"mexicraft:red_dahlia":1,"minecraft:white_bed":3,"farmersdelight:onions":1,"minecraft:potted_wither_rose":1,"create:dolomite":54,"mexicraft:salt_ore":4,"minecraft:jungle_slab":1,"biomesoplenty:bush":1,"minecraft:grass_block":17,"minecraft:jungle_planks":2,"mexicraft:chili_bush":17,"minecraft:spawner":4,"minecraft:hay_block":35,"minecraft:furnace":4,"iceandfire:copper_ore":8,"minecraft:iron_ore":44,"minecraft:fire":4,"minecraft:andesite":80,"create:dolomite_cobblestone":1,"create:copper_ore":12,"treechop:chopped_log":3,"minecraft:vine":5,"minecraft:iron_bars":8,"biomesoplenty:barley":11,"minecraft:stone":87,"minecraft:iron_block":4,"minecraft:bone_block":26,"minecraft:white_wool":51,"minecraft:redstone_block":4,"minecraft:glass_pane":1,"quark:oak_chest":1,"minecraft:crafting_table":2,"minecraft:torch":1,"mexicraft:nopal_bottom":1,"biomesoplenty:potted_fir_sapling":1,"minecraft:cobblestone":5,"minecraft:tall_grass":18,"minecraft:oak_planks":2,"minecraft:sugar_cane":3,"minecraft:wall_torch":6,"minecraft:cactus":4,"minecraft:lilac":6,"quark:marble":4,"minecraft:birch_leaves":5,"minecraft:jungle_fence":2,"minecraft:grass_path":1,"minecraft:grass":13,"minecraft:oak_log":7,"minecraft:coal_ore":158,"create:gabbro":2,"minecraft:beetroots":1,"minecraft:dirt":19,"minecraft:cobweb":40,"minecraft:stone_bricks":25,"minecraft:oak_leaves":56,"create:zinc_ore":24,"quark:root":1},"minecraft:custom":{"lootr:looted_stat":19,"minecraft:mob_kills":20,"minecraft:interact_with_crafting_table":47,"minecraft:leave_game":5,"minecraft:time_since_death":44742,"minecraft:climb_one_cm":891,"minecraft:sprint_one_cm":549996,"minecraft:walk_one_cm":878987,"minecraft:damage_blocked_by_shield":5167,"minecraft:drop":55,"minecraft:deaths":10,"minecraft:sneak_time":3505,"minecraft:walk_under_water_one_cm":1545,"minecraft:interact_with_brewingstand":1,"minecraft:jump":4814,"minecraft:walk_on_water_one_cm":17719,"minecraft:interact_with_furnace":47,"minecraft:play_one_minute":455569,"minecraft:interact_with_grindstone":1,"minecraft:sleep_in_bed":20,"minecraft:time_since_rest":11542,"minecraft:waystone_activated":10,"minecraft:damage_taken":5696,"minecraft:damage_dealt":3604,"minecraft:swim_one_cm":2092,"minecraft:fly_one_cm":1135833,"minecraft:open_chest":41,"minecraft:crouch_one_cm":6436,"tombstone:undead_killed":2,"minecraft:fall_one_cm":99300},"minecraft:dropped":{"minecraft:bread":3,"minecraft:wheat_seeds":3,"minecraft:lilac":6,"minecraft:mossy_cobblestone":2,"create:copper_ore":1,"mexicraft:red_dahlia":1,"relics:fragrant_flower":1,"minecraft:cobblestone":1,"minecraft:spruce_stairs":1,"blockarmor:stone_bricks_leggings":1,"mexicraft:brain":2,"minecraft:item_frame":2,"minecraft:iron_block":1,"minecraft:dirt":9,"blockarmor:stone_bricks_boots":1,"minecraft:torch":1,"minecraft:cornflower":2,"minecraft:mutton":2,"blockarmor:stone_bricks_chestplate":1,"tombstone:grave_dust":1,"minecraft:chainmail_leggings":1,"minecraft:dark_oak_planks":1,"minecraft:oak_door":1,"ganjacraft:indica_seed":5,"ganjacraft:sativa_seed":2,"minecraft:iron_nugget":30,"minecraft:cobblestone_wall":17,"minecraft:rotten_flesh":3,"mts:mts.handbook_plane":1,"iceandfire:copper_ore":6,"minecraft:carrot":2,"minecraft:lily_of_the_valley":1,"minecraft:potato":7,"minecraft:shield":1,"create:zinc_ingot":24,"minecraft:spruce_trapdoor":9,"minecraft:spruce_planks":10,"minecraft:oak_sapling":1,"minecraft:stone_bricks":10,"minecraft:spruce_slab":7,"minecraft:iron_bars":4,"minecraft:beef":7,"minecraft:stone_pickaxe":1,"minecraft:stone_brick_stairs":5},"minecraft:crafted":{"minecraft:oak_door":3,"securitycraft:mine":9,"minecraft:oak_planks":28,"securitycraft:furnace_mine":1,"minecraft:iron_nugget":171,"blockarmor:stone_bricks_boots":1,"minecraft:furnace":4,"minecraft:bow":1,"minecraft:iron_boots":1,"blockarmor:stone_bricks_leggings":1,"minecraft:chest":1,"minecraft:lead":1,"sophisticatedbackpacks:iron_backpack":1,"minecraft:wheat":315,"minecraft:cooked_beef":15,"spartanweaponry:halberd_silver":1,"sophisticatedbackpacks:backpack":1,"spartanweaponry:pole":1,"minecraft:crafting_table":1,"minecraft:iron_helmet":1,"minecraft:baked_potato":1,"minecraft:iron_sword":1,"sophisticatedbackpacks:gold_backpack":1,"securitycraft:cobblestone_mine":1,"minecraft:bread":96,"minecraft:air":0,"securitycraft:dirt_mine":7,"create:dolomite":3,"minecraft:iron_chestplate":1,"minecraft:shield":1,"blockarmor:stone_bricks_chestplate":1,"iceandfire:stymphalian_bird_dagger":1,"minecraft:stick":16,"quark:oak_chest":1,"minecraft:iron_ingot":99,"minecraft:iron_pickaxe":2,"minecraft:iron_leggings":1,"iceandfire:stymphalian_feather_bundle":1,"minecraft:torch":32,"create:zinc_ingot":24},"minecraft:killed_by":{"mexicraft:minor_tzitzimitl":1,"iceandfire:cyclops":1,"minecraft:enderman":1,"iceandfire:stymphalian_bird":2,"minecraft:skeleton":3,"minecraft:zombie":1},"minecraft:broken":{"spartanweaponry:halberd_silver":1,"minecraft:shield":1,"minecraft:iron_pickaxe":1}},"DataVersion":2586}