{"stats":{"minecraft:picked_up":{"minecraft:dark_oak_planks":3,"minecraft:stick":4,"ganjacraft:indica_seed":1,"minecraft:jungle_fence":2,"minecraft:jungle_planks":1,"minecraft:oak_log":5,"minecraft:oak_sapling":1,"minecraft:jungle_slab":1,"minecraft:dirt":1},"minecraft:custom":{"minecraft:time_since_rest":34024,"minecraft:crouch_one_cm":135,"minecraft:play_one_minute":34024,"lootr:looted_stat":2,"minecraft:sprint_one_cm":16725,"minecraft:damage_taken":27,"minecraft:walk_one_cm":30427,"minecraft:sneak_time":35,"minecraft:walk_under_water_one_cm":1324,"minecraft:jump":138,"minecraft:damage_dealt":4,"minecraft:walk_on_water_one_cm":16702,"minecraft:leave_game":3,"minecraft:time_since_death":34024,"minecraft:swim_one_cm":2092,"minecraft:fall_one_cm":1105,"minecraft:fly_one_cm":24586},"minecraft:mined":{"minecraft:dark_oak_planks":3,"minecraft:grass":1,"minecraft:grass_block":1,"minecraft:oak_log":5,"minecraft:jungle_planks":1,"minecraft:jungle_slab":1,"minecraft:jungle_fence":2,"treechop:chopped_log":3,"minecraft:oak_leaves":56},"minecraft:crafted":{"minecraft:oak_planks":20,"minecraft:crafting_table":1}},"DataVersion":2586}