{"stats":{"minecraft:dropped":{"minecraft:dark_oak_planks":1},"minecraft:picked_up":{"minecraft:crafting_table":1,"ganjacraft:indica_seed":1,"minecraft:jungle_fence":2,"minecraft:oak_log":5,"create:gabbro_cobblestone":2,"minecraft:gunpowder":1,"minecraft:dirt":1,"minecraft:beetroot":1,"quark:root_item":1,"minecraft:oak_planks":2,"minecraft:furnace":1,"minecraft:stick":4,"minecraft:torch":3,"minecraft:jungle_planks":1,"minecraft:white_bed":2,"minecraft:carrot":2,"minecraft:jungle_slab":1,"minecraft:dark_oak_planks":4,"minecraft:beetroot_seeds":3,"minecraft:oak_sapling":1,"minecraft:mutton":2,"minecraft:iron_bars":4,"minecraft:coal":31,"minecraft:white_wool":1},"minecraft:killed":{"minecraft:bat":1,"minecraft:creeper":1,"minecraft:sheep":1,"alexsmobs:cockroach":1},"minecraft:custom":{"lootr:looted_stat":5,"minecraft:interact_with_furnace":1,"minecraft:mob_kills":4,"minecraft:interact_with_crafting_table":3,"minecraft:play_one_minute":58024,"minecraft:leave_game":3,"minecraft:time_since_death":58024,"minecraft:sleep_in_bed":1,"minecraft:time_since_rest":7091,"minecraft:waystone_activated":1,"minecraft:sprint_one_cm":57305,"minecraft:damage_taken":215,"minecraft:walk_one_cm":134279,"minecraft:drop":1,"minecraft:damage_dealt":484,"minecraft:swim_one_cm":2092,"minecraft:fly_one_cm":34838,"minecraft:crouch_one_cm":1100,"minecraft:sneak_time":242,"minecraft:walk_under_water_one_cm":1324,"minecraft:jump":302,"minecraft:walk_on_water_one_cm":16702,"minecraft:fall_one_cm":2338},"minecraft:mined":{"minecraft:dark_oak_planks":3,"minecraft:white_bed":2,"minecraft:jungle_slab":1,"minecraft:crafting_table":1,"minecraft:torch":1,"minecraft:grass_block":1,"minecraft:jungle_planks":1,"minecraft:oak_planks":2,"minecraft:wall_torch":2,"minecraft:spawner":1,"minecraft:furnace":1,"minecraft:jungle_fence":2,"treechop:chopped_log":3,"minecraft:grass":1,"minecraft:oak_log":5,"minecraft:coal_ore":31,"create:gabbro":2,"minecraft:beetroots":1,"minecraft:iron_bars":4,"minecraft:oak_leaves":56,"quark:root":1},"minecraft:used":{"minecraft:beetroot":1,"minecraft:cooked_mutton":1,"minecraft:oak_planks":4,"minecraft:iron_sword":18,"minecraft:torch":14,"minecraft:dirt":1,"minecraft:crafting_table":1,"minecraft:jungle_planks":1,"minecraft:jungle_slab":1,"minecraft:white_bed":1,"minecraft:dark_oak_planks":3,"minecraft:bread":2,"minecraft:iron_pickaxe":39,"minecraft:stone_axe":3,"create:gabbro_cobblestone":2},"minecraft:crafted":{"minecraft:oak_planks":20,"minecraft:crafting_table":1,"minecraft:iron_nugget":9,"minecraft:iron_sword":1,"minecraft:shield":1,"minecraft:stick":4,"minecraft:iron_ingot":2,"minecraft:iron_pickaxe":1,"minecraft:torch":20}},"DataVersion":2586}