{"stats":{"minecraft:used":{"minecraft:beetroot":1,"minecraft:shield":112,"minecraft:iron_sword":115,"minecraft:cooked_chicken":3,"minecraft:oak_door":2,"minecraft:torch":42,"minecraft:dirt":4,"minecraft:jungle_planks":2,"minecraft:carrot":2,"minecraft:jungle_slab":1,"minecraft:dark_oak_planks":3,"minecraft:stone_bricks":30,"minecraft:bow":1,"tombstone:gift":4,"minecraft:cooked_beef":2,"spartanweaponry:halberd_silver":50,"minecraft:cooked_mutton":1,"minecraft:spruce_door":1,"minecraft:stone_pickaxe":95,"minecraft:baked_potato":6,"minecraft:oak_planks":4,"farmersdelight:onion":8,"minecraft:crafting_table":2,"minecraft:white_bed":2,"minecraft:bread":5,"minecraft:iron_pickaxe":72,"minecraft:stone_axe":11,"spartanweaponry:saber_iron":5,"minecraft:cobblestone":8,"minecraft:potion":1,"create:gabbro_cobblestone":2},"minecraft:killed":{"minecraft:spider":1,"minecraft:horse":1,"minecraft:bat":1,"minecraft:creeper":1,"minecraft:sheep":1,"alexsmobs:cockroach":1,"minecraft:zombie":1},"minecraft:picked_up":{"minecraft:crafting_table":1,"minecraft:redstone_block":4,"minecraft:flower_pot":1,"ganjacraft:indica_seed":1,"minecraft:string":41,"mts:mts.handbook_plane":1,"minecraft:beetroot":1,"minecraft:iron_nugget":10,"quark:root_item":1,"minecraft:furnace":1,"minecraft:stick":4,"minecraft:oak_door":1,"minecraft:torch":4,"tombstone:grave_dust":1,"minecraft:carrot":4,"minecraft:dark_oak_planks":4,"minecraft:rotten_flesh":2,"minecraft:beetroot_seeds":3,"farmersdelight:onion":3,"minecraft:hay_block":32,"minecraft:iron_block":5,"minecraft:mutton":6,"minecraft:iron_bars":8,"minecraft:white_wool":52,"minecraft:cobblestone":9,"spartanweaponry:halberd_silver":1,"minecraft:jungle_fence":2,"relics:fragrant_flower":1,"minecraft:oak_log":7,"create:gabbro_cobblestone":2,"minecraft:gunpowder":1,"minecraft:dirt":4,"create:copper_ore":11,"minecraft:stone_bricks":8,"minecraft:bow":1,"minecraft:oak_planks":2,"minecraft:jungle_planks":2,"iceandfire:stymphalian_bird_feather":1,"minecraft:white_bed":3,"minecraft:jungle_slab":1,"minecraft:spruce_door":1,"minecraft:mossy_cobblestone":2,"minecraft:oak_sapling":1,"minecraft:coal":31},"minecraft:mined":{"minecraft:dark_oak_planks":3,"farmersdelight:onions":1,"minecraft:white_bed":3,"minecraft:potted_wither_rose":1,"minecraft:jungle_slab":1,"minecraft:grass_block":1,"minecraft:jungle_planks":2,"minecraft:spawner":4,"minecraft:hay_block":32,"minecraft:furnace":1,"create:copper_ore":11,"treechop:chopped_log":3,"minecraft:vine":5,"minecraft:iron_bars":8,"biomesoplenty:barley":11,"minecraft:stone":8,"minecraft:iron_block":4,"minecraft:white_wool":51,"minecraft:redstone_block":4,"minecraft:crafting_table":1,"minecraft:torch":1,"biomesoplenty:potted_fir_sapling":1,"minecraft:tall_grass":1,"minecraft:oak_planks":2,"minecraft:wall_torch":2,"minecraft:birch_leaves":5,"minecraft:jungle_fence":2,"minecraft:grass":3,"create:gabbro":2,"minecraft:coal_ore":31,"minecraft:oak_log":7,"minecraft:beetroots":1,"minecraft:dirt":3,"minecraft:cobweb":40,"minecraft:stone_bricks":9,"minecraft:oak_leaves":56,"quark:root":1},"minecraft:custom":{"lootr:looted_stat":15,"minecraft:mob_kills":7,"minecraft:interact_with_crafting_table":22,"minecraft:leave_game":4,"minecraft:time_since_death":8712,"minecraft:climb_one_cm":891,"minecraft:sprint_one_cm":275082,"minecraft:walk_one_cm":510199,"minecraft:damage_blocked_by_shield":5167,"minecraft:drop":19,"minecraft:deaths":6,"minecraft:sneak_time":1508,"minecraft:walk_under_water_one_cm":1324,"minecraft:jump":2093,"minecraft:interact_with_brewingstand":1,"minecraft:walk_on_water_one_cm":17617,"minecraft:interact_with_furnace":6,"minecraft:play_one_minute":239012,"minecraft:interact_with_grindstone":1,"minecraft:sleep_in_bed":3,"minecraft:time_since_rest":6313,"minecraft:waystone_activated":3,"minecraft:damage_taken":3544,"minecraft:damage_dealt":1812,"minecraft:swim_one_cm":2092,"minecraft:fly_one_cm":430072,"minecraft:open_chest":5,"minecraft:crouch_one_cm":4233,"tombstone:undead_killed":1,"minecraft:fall_one_cm":42473},"minecraft:dropped":{"minecraft:mossy_cobblestone":2,"relics:fragrant_flower":1,"minecraft:cobblestone":1,"minecraft:iron_block":1,"minecraft:torch":1,"minecraft:mutton":2,"tombstone:grave_dust":1,"minecraft:chainmail_leggings":1,"minecraft:dark_oak_planks":1,"minecraft:oak_door":1,"minecraft:iron_nugget":10,"minecraft:rotten_flesh":2,"mts:mts.handbook_plane":1,"minecraft:carrot":2,"minecraft:shield":1,"minecraft:iron_bars":2},"minecraft:crafted":{"minecraft:oak_door":3,"minecraft:oak_planks":28,"securitycraft:mine":9,"securitycraft:furnace_mine":1,"minecraft:iron_nugget":171,"blockarmor:stone_bricks_boots":1,"blockarmor:stone_bricks_leggings":1,"minecraft:bow":1,"minecraft:iron_boots":1,"minecraft:lead":1,"spartanweaponry:halberd_silver":1,"spartanweaponry:pole":1,"minecraft:crafting_table":1,"minecraft:iron_helmet":1,"minecraft:baked_potato":1,"minecraft:iron_sword":1,"minecraft:iron_chestplate":1,"minecraft:shield":1,"blockarmor:stone_bricks_chestplate":1,"minecraft:stick":16,"minecraft:iron_ingot":57,"minecraft:iron_pickaxe":1,"minecraft:iron_leggings":1,"minecraft:torch":32},"minecraft:killed_by":{"mexicraft:minor_tzitzimitl":1,"iceandfire:cyclops":1,"iceandfire:stymphalian_bird":2,"minecraft:skeleton":1,"minecraft:zombie":1},"minecraft:broken":{"spartanweaponry:halberd_silver":1,"minecraft:shield":1,"minecraft:iron_pickaxe":1}},"DataVersion":2586}