{"stats":{"minecraft:picked_up":{"minecraft:stick":4,"minecraft:oak_log":5,"minecraft:oak_sapling":1,"ganjacraft:indica_seed":1},"minecraft:mined":{"minecraft:grass":1,"minecraft:oak_log":5,"treechop:chopped_log":3,"minecraft:oak_leaves":56},"minecraft:custom":{"minecraft:jump":45,"minecraft:time_since_rest":10024,"minecraft:damage_dealt":4,"minecraft:play_one_minute":10024,"minecraft:leave_game":3,"minecraft:sprint_one_cm":4141,"minecraft:time_since_death":10024,"minecraft:walk_on_water_one_cm":14238,"minecraft:walk_one_cm":10543,"minecraft:walk_under_water_one_cm":1324,"minecraft:swim_one_cm":2092,"minecraft:fall_one_cm":209,"minecraft:fly_one_cm":7475}},"DataVersion":2586}