{"stats":{"minecraft:dropped":{"minecraft:dark_oak_planks":1},"minecraft:picked_up":{"minecraft:stick":4,"ganjacraft:indica_seed":1,"minecraft:torch":2,"minecraft:jungle_fence":2,"minecraft:jungle_planks":1,"minecraft:oak_log":5,"create:gabbro_cobblestone":2,"minecraft:white_bed":1,"minecraft:jungle_slab":1,"minecraft:dirt":1,"minecraft:dark_oak_planks":4,"minecraft:beetroot":1,"minecraft:beetroot_seeds":3,"minecraft:oak_sapling":1,"minecraft:iron_bars":2,"minecraft:mutton":2,"minecraft:coal":31,"minecraft:white_wool":1},"minecraft:killed":{"minecraft:sheep":1},"minecraft:custom":{"minecraft:time_since_rest":46024,"minecraft:waystone_activated":1,"lootr:looted_stat":3,"minecraft:sprint_one_cm":36756,"minecraft:damage_taken":37,"minecraft:walk_one_cm":78917,"minecraft:mob_kills":1,"minecraft:drop":1,"minecraft:damage_dealt":84,"minecraft:interact_with_crafting_table":1,"minecraft:swim_one_cm":2092,"minecraft:fly_one_cm":32539,"minecraft:play_one_minute":46024,"minecraft:crouch_one_cm":249,"minecraft:sneak_time":88,"minecraft:walk_under_water_one_cm":1324,"minecraft:jump":276,"minecraft:leave_game":3,"minecraft:time_since_death":46024,"minecraft:walk_on_water_one_cm":16702,"minecraft:fall_one_cm":2338},"minecraft:mined":{"minecraft:dark_oak_planks":3,"minecraft:white_bed":1,"minecraft:jungle_slab":1,"minecraft:jungle_fence":2,"treechop:chopped_log":3,"minecraft:grass":1,"minecraft:grass_block":1,"minecraft:coal_ore":31,"minecraft:oak_log":5,"create:gabbro":2,"minecraft:beetroots":1,"minecraft:jungle_planks":1,"minecraft:iron_bars":2,"minecraft:oak_leaves":56,"minecraft:wall_torch":2},"minecraft:used":{"minecraft:dark_oak_planks":3,"minecraft:bread":2,"minecraft:iron_pickaxe":35,"minecraft:iron_sword":6,"minecraft:torch":10,"minecraft:dirt":1,"create:gabbro_cobblestone":2,"minecraft:jungle_planks":1,"minecraft:jungle_slab":1},"minecraft:crafted":{"minecraft:oak_planks":20,"minecraft:crafting_table":1,"minecraft:stick":4,"minecraft:iron_ingot":2,"minecraft:iron_pickaxe":1,"minecraft:iron_sword":1,"minecraft:torch":20}},"DataVersion":2586}