{"stats":{"minecraft:used":{"minecraft:beetroot":1,"minecraft:shield":112,"minecraft:iron_sword":139,"minecraft:cooked_chicken":3,"minecraft:oak_door":2,"minecraft:torch":44,"minecraft:dirt":9,"minecraft:jungle_planks":2,"minecraft:carrot":2,"minecraft:jungle_slab":1,"minecraft:dark_oak_planks":3,"minecraft:stone_bricks":42,"minecraft:bow":1,"create:dolomite_cobblestone":1,"tombstone:gift":4,"minecraft:cooked_beef":2,"spartanweaponry:halberd_silver":50,"minecraft:cooked_mutton":1,"minecraft:spruce_door":1,"minecraft:stone_pickaxe":231,"minecraft:baked_potato":6,"minecraft:oak_planks":4,"farmersdelight:onion":8,"minecraft:crafting_table":2,"minecraft:white_bed":3,"waystones:waystone":5,"minecraft:bread":16,"minecraft:iron_pickaxe":72,"minecraft:stone_axe":11,"spartanweaponry:saber_iron":26,"minecraft:cobblestone":8,"minecraft:potion":1,"create:gabbro_cobblestone":2},"minecraft:killed":{"mca:female_zombie_villager":1,"minecraft:spider":1,"minecraft:horse":1,"mexicraft:xoloitzcuintle":1,"minecraft:bat":1,"minecraft:creeper":1,"alexsmobs:emu":1,"minecraft:sheep":1,"alexsmobs:cockroach":1,"minecraft:zombie":1,"minecraft:cow":7},"minecraft:mined":{"minecraft:dark_oak_planks":3,"mexicraft:red_dahlia":1,"farmersdelight:onions":1,"minecraft:white_bed":3,"minecraft:potted_wither_rose":1,"create:dolomite":51,"mexicraft:salt_ore":4,"minecraft:jungle_slab":1,"biomesoplenty:bush":1,"minecraft:grass_block":14,"minecraft:jungle_planks":2,"minecraft:spawner":4,"minecraft:hay_block":35,"minecraft:furnace":1,"iceandfire:copper_ore":6,"create:copper_ore":12,"treechop:chopped_log":3,"minecraft:vine":5,"minecraft:iron_bars":8,"biomesoplenty:barley":11,"minecraft:stone":11,"minecraft:iron_block":4,"minecraft:bone_block":26,"minecraft:white_wool":51,"minecraft:redstone_block":4,"minecraft:crafting_table":1,"minecraft:torch":1,"mexicraft:nopal_bottom":1,"biomesoplenty:potted_fir_sapling":1,"minecraft:tall_grass":1,"minecraft:sugar_cane":3,"minecraft:oak_planks":2,"minecraft:wall_torch":3,"minecraft:cactus":4,"quark:marble":3,"minecraft:birch_leaves":5,"minecraft:jungle_fence":2,"minecraft:grass_path":1,"minecraft:grass":13,"create:gabbro":2,"minecraft:coal_ore":51,"minecraft:oak_log":7,"minecraft:beetroots":1,"minecraft:dirt":11,"minecraft:cobweb":40,"minecraft:stone_bricks":21,"minecraft:oak_leaves":56,"quark:root":1},"minecraft:picked_up":{"ganjacraft:sativa_seed":3,"iceandfire:dragon_skull_lightning":3,"minecraft:crafting_table":3,"create:dolomite_cobblestone":50,"iceandfire:copper_ore":6,"minecraft:redstone_block":4,"minecraft:flower_pot":1,"apotheosis:weapon_book":1,"ganjacraft:indica_seed":5,"minecraft:stone_brick_stairs":10,"minecraft:cornflower":2,"minecraft:string":41,"minecraft:item_frame":2,"mts:mts.handbook_plane":1,"minecraft:beetroot":1,"alexsmobs:emu_feather":2,"apotheosis:scrap_tome":1,"apotheosis:armor_feet_book":1,"minecraft:spruce_planks":3,"minecraft:beef":22,"minecraft:iron_nugget":16,"quark:root_item":1,"minecraft:spruce_slab":7,"minecraft:sugar_cane":10,"minecraft:spruce_trapdoor":9,"minecraft:furnace":1,"minecraft:stick":4,"iceandfire:dragonbone":46,"minecraft:oak_door":1,"minecraft:torch":6,"minecraft:spruce_stairs":1,"apotheosis:common_tome":1,"mexicraft:brain":3,"tombstone:grave_dust":1,"minecraft:carrot":4,"minecraft:dark_oak_planks":4,"minecraft:cactus":16,"minecraft:rotten_flesh":2,"minecraft:beetroot_seeds":3,"farmersdelight:onion":3,"minecraft:hay_block":35,"minecraft:iron_block":5,"alexsmobs:emu_egg":1,"minecraft:bone_block":26,"minecraft:mutton":6,"quark:marble":3,"minecraft:iron_bars":12,"minecraft:white_wool":52,"minecraft:cobblestone":13,"mexicraft:nopal":4,"minecraft:feather":1,"spartanweaponry:halberd_silver":1,"minecraft:leather":8,"minecraft:jungle_fence":2,"minecraft:flint":1,"relics:fragrant_flower":1,"minecraft:oak_log":7,"create:gabbro_cobblestone":2,"minecraft:cobblestone_wall":17,"minecraft:gunpowder":1,"minecraft:dirt":26,"minecraft:apple":1,"create:copper_ore":12,"mexicraft:red_dahlia":1,"minecraft:stone_bricks":35,"minecraft:bow":1,"minecraft:wheat_seeds":2,"apotheosis:digger_book":1,"spartanweaponry:saber_iron":1,"minecraft:oak_planks":34,"minecraft:book":3,"apotheosis:null_book":1,"minecraft:jungle_planks":2,"iceandfire:stymphalian_bird_feather":1,"minecraft:white_bed":3,"minecraft:lily_of_the_valley":1,"minecraft:jungle_slab":1,"minecraft:spruce_door":1,"minecraft:mossy_cobblestone":2,"waystones:waystone":8,"minecraft:bread":39,"minecraft:oak_sapling":2,"mexicraft:salt":3,"minecraft:coal":51},"minecraft:custom":{"lootr:looted_stat":18,"minecraft:mob_kills":17,"minecraft:interact_with_crafting_table":31,"minecraft:leave_game":4,"minecraft:time_since_death":21637,"minecraft:climb_one_cm":891,"minecraft:sprint_one_cm":454596,"minecraft:walk_one_cm":675699,"minecraft:damage_blocked_by_shield":5167,"minecraft:drop":43,"minecraft:deaths":9,"minecraft:sneak_time":3077,"minecraft:walk_under_water_one_cm":1545,"minecraft:jump":3697,"minecraft:interact_with_brewingstand":1,"minecraft:walk_on_water_one_cm":17719,"minecraft:interact_with_furnace":6,"minecraft:play_one_minute":341012,"minecraft:interact_with_grindstone":1,"minecraft:sleep_in_bed":11,"minecraft:time_since_rest":19241,"minecraft:waystone_activated":9,"minecraft:damage_taken":4814,"minecraft:damage_dealt":3012,"minecraft:swim_one_cm":2092,"minecraft:fly_one_cm":909249,"minecraft:open_chest":14,"minecraft:crouch_one_cm":5816,"tombstone:undead_killed":2,"minecraft:fall_one_cm":78714},"minecraft:dropped":{"minecraft:bread":1,"minecraft:wheat_seeds":1,"create:copper_ore":1,"minecraft:mossy_cobblestone":2,"mexicraft:red_dahlia":1,"relics:fragrant_flower":1,"minecraft:cobblestone":1,"minecraft:spruce_stairs":1,"mexicraft:brain":2,"minecraft:item_frame":2,"minecraft:iron_block":1,"minecraft:dirt":9,"minecraft:torch":1,"minecraft:cornflower":2,"minecraft:mutton":2,"tombstone:grave_dust":1,"minecraft:chainmail_leggings":1,"minecraft:dark_oak_planks":1,"ganjacraft:indica_seed":4,"minecraft:oak_door":1,"ganjacraft:sativa_seed":2,"minecraft:iron_nugget":10,"minecraft:cobblestone_wall":17,"minecraft:rotten_flesh":2,"mts:mts.handbook_plane":1,"iceandfire:copper_ore":6,"minecraft:carrot":2,"minecraft:lily_of_the_valley":1,"minecraft:potato":7,"minecraft:shield":1,"minecraft:spruce_trapdoor":9,"minecraft:spruce_planks":10,"minecraft:oak_sapling":1,"minecraft:stone_bricks":10,"minecraft:spruce_slab":7,"minecraft:iron_bars":4,"minecraft:beef":7,"minecraft:stone_brick_stairs":5},"minecraft:crafted":{"minecraft:oak_door":3,"minecraft:oak_planks":28,"securitycraft:mine":9,"securitycraft:furnace_mine":1,"minecraft:iron_nugget":171,"blockarmor:stone_bricks_boots":1,"blockarmor:stone_bricks_leggings":1,"minecraft:bow":1,"minecraft:iron_boots":1,"minecraft:chest":1,"minecraft:lead":1,"minecraft:wheat":315,"sophisticatedbackpacks:iron_backpack":1,"spartanweaponry:halberd_silver":1,"sophisticatedbackpacks:backpack":1,"spartanweaponry:pole":1,"minecraft:crafting_table":1,"minecraft:iron_helmet":1,"minecraft:baked_potato":1,"minecraft:iron_sword":1,"securitycraft:cobblestone_mine":1,"minecraft:bread":96,"securitycraft:dirt_mine":7,"minecraft:iron_chestplate":1,"minecraft:shield":1,"blockarmor:stone_bricks_chestplate":1,"minecraft:stick":16,"quark:oak_chest":1,"minecraft:iron_ingot":58,"minecraft:iron_pickaxe":1,"minecraft:iron_leggings":1,"minecraft:torch":32},"minecraft:killed_by":{"mexicraft:minor_tzitzimitl":1,"iceandfire:cyclops":1,"minecraft:enderman":1,"iceandfire:stymphalian_bird":2,"minecraft:skeleton":2,"minecraft:zombie":1},"minecraft:broken":{"spartanweaponry:halberd_silver":1,"minecraft:shield":1,"minecraft:iron_pickaxe":1}},"DataVersion":2586}