{"stats":{"minecraft:dropped":{"relics:fragrant_flower":1,"minecraft:rotten_flesh":2,"mts:mts.handbook_plane":1,"minecraft:carrot":2,"minecraft:shield":1,"minecraft:iron_bars":2,"minecraft:dark_oak_planks":1},"minecraft:picked_up":{"minecraft:crafting_table":1,"minecraft:redstone_block":2,"ganjacraft:indica_seed":1,"minecraft:jungle_fence":2,"relics:fragrant_flower":1,"minecraft:oak_log":5,"create:gabbro_cobblestone":2,"minecraft:gunpowder":1,"minecraft:string":40,"minecraft:dirt":1,"mts:mts.handbook_plane":1,"create:copper_ore":11,"minecraft:beetroot":1,"quark:root_item":1,"minecraft:oak_planks":2,"minecraft:furnace":1,"minecraft:stick":4,"minecraft:torch":3,"minecraft:jungle_planks":2,"minecraft:white_bed":2,"minecraft:carrot":4,"minecraft:jungle_slab":1,"minecraft:dark_oak_planks":4,"minecraft:rotten_flesh":2,"minecraft:beetroot_seeds":3,"farmersdelight:onion":3,"minecraft:iron_block":2,"minecraft:oak_sapling":1,"minecraft:mutton":2,"minecraft:iron_bars":6,"minecraft:coal":31,"minecraft:cobblestone":8,"minecraft:white_wool":1},"minecraft:killed":{"minecraft:bat":1,"minecraft:creeper":1,"minecraft:sheep":1,"minecraft:zombie":1,"alexsmobs:cockroach":1},"minecraft:killed_by":{"mexicraft:minor_tzitzimitl":1,"minecraft:skeleton":1},"minecraft:custom":{"lootr:looted_stat":8,"minecraft:interact_with_furnace":1,"minecraft:mob_kills":5,"minecraft:interact_with_crafting_table":7,"minecraft:play_one_minute":94024,"minecraft:leave_game":3,"minecraft:time_since_death":26644,"minecraft:sleep_in_bed":1,"minecraft:time_since_rest":24886,"minecraft:waystone_activated":1,"minecraft:sprint_one_cm":66384,"minecraft:damage_taken":798,"minecraft:walk_one_cm":203970,"minecraft:damage_blocked_by_shield":2499,"minecraft:drop":8,"minecraft:damage_dealt":604,"minecraft:swim_one_cm":2092,"minecraft:fly_one_cm":48346,"minecraft:crouch_one_cm":1150,"tombstone:undead_killed":1,"minecraft:deaths":2,"minecraft:sneak_time":257,"minecraft:walk_under_water_one_cm":1324,"minecraft:jump":453,"minecraft:walk_on_water_one_cm":16702,"minecraft:fall_one_cm":3838},"minecraft:mined":{"minecraft:dark_oak_planks":3,"minecraft:redstone_block":2,"farmersdelight:onions":1,"minecraft:white_bed":2,"minecraft:jungle_slab":1,"minecraft:crafting_table":1,"minecraft:torch":1,"minecraft:grass_block":1,"minecraft:jungle_planks":2,"minecraft:oak_planks":2,"minecraft:wall_torch":2,"minecraft:spawner":1,"minecraft:furnace":1,"minecraft:jungle_fence":2,"create:copper_ore":11,"treechop:chopped_log":3,"minecraft:grass":1,"minecraft:oak_log":5,"minecraft:coal_ore":31,"create:gabbro":2,"minecraft:beetroots":1,"minecraft:iron_bars":5,"minecraft:cobweb":40,"minecraft:stone":8,"minecraft:iron_block":2,"minecraft:oak_leaves":56,"quark:root":1},"minecraft:used":{"minecraft:beetroot":1,"minecraft:cooked_mutton":1,"minecraft:oak_planks":4,"minecraft:shield":49,"minecraft:iron_sword":69,"minecraft:torch":17,"minecraft:dirt":1,"minecraft:crafting_table":2,"minecraft:jungle_planks":2,"minecraft:jungle_slab":1,"minecraft:white_bed":1,"minecraft:dark_oak_planks":3,"minecraft:bread":2,"minecraft:iron_pickaxe":63,"minecraft:stone_axe":3,"create:gabbro_cobblestone":2,"tombstone:gift":2},"minecraft:crafted":{"minecraft:oak_planks":20,"minecraft:crafting_table":1,"minecraft:iron_nugget":171,"blockarmor:stone_bricks_boots":1,"minecraft:iron_sword":1,"blockarmor:stone_bricks_leggings":1,"minecraft:shield":1,"blockarmor:stone_bricks_chestplate":1,"minecraft:stick":4,"minecraft:iron_ingot":39,"minecraft:iron_pickaxe":1,"minecraft:torch":32}},"DataVersion":2586}