{"stats":{"minecraft:dropped":{"minecraft:composter":1,"tombstone:gift":2,"minecraft:yellow_carpet":1,"minecraft:stick":1,"minecraft:dirt":4,"tombstone:grave_dust":2},"minecraft:picked_up":{"minecraft:stripped_oak_log":1,"mexicraft:nopal":1,"minecraft:crafting_table":2,"ganjacraft:sativa_seed":6,"minecraft:wheat":1,"create:dolomite_cobblestone":173,"ganjacraft:indica_seed":5,"minecraft:potato":60,"minecraft:oak_log":191,"create:gabbro_cobblestone":9,"minecraft:yellow_bed":1,"minecraft:dirt":135,"tombstone:gift":1,"minecraft:apple":2,"minecraft:wheat_seeds":17,"minecraft:oak_fence_gate":1,"minecraft:iron_ore":52,"minecraft:oak_planks":12,"minecraft:stick":11,"minecraft:oak_door":3,"minecraft:composter":1,"minecraft:oak_fence":28,"minecraft:torch":6,"minecraft:dandelion":2,"tombstone:grave_dust":2,"minecraft:carrot":48,"minecraft:yellow_carpet":2,"minecraft:rotten_flesh":3,"minecraft:hay_block":3,"minecraft:oak_sapling":50,"mexicraft:salt":6,"minecraft:coal":102,"minecraft:cobblestone":154},"minecraft:killed":{"minecraft:skeleton":1,"minecraft:zombie":1},"minecraft:killed_by":{"minecraft:skeleton":1,"minecraft:zombie":1},"minecraft:broken":{"minecraft:stone_pickaxe":3,"minecraft:stone_sword":1,"minecraft:stone_axe":1,"minecraft:stone_shovel":1},"minecraft:mined":{"minecraft:glass_pane":2,"create:dolomite":163,"mexicraft:salt_ore":6,"minecraft:crafting_table":1,"minecraft:oak_fence":30,"minecraft:cornflower":1,"minecraft:torch":1,"minecraft:grass_block":105,"minecraft:yellow_carpet":3,"minecraft:tall_grass":6,"minecraft:cobblestone":1,"create:gabbro_cobblestone":4,"minecraft:oak_planks":13,"minecraft:composter":1,"minecraft:wall_torch":4,"minecraft:hay_block":3,"minecraft:carrots":21,"minecraft:iron_ore":52,"minecraft:wheat":9,"create:dolomite_cobblestone":11,"treechop:chopped_log":67,"minecraft:yellow_bed":1,"minecraft:grass_path":2,"minecraft:grass":20,"create:gabbro":5,"minecraft:oak_log":202,"minecraft:potatoes":29,"minecraft:coal_ore":102,"minecraft:oak_fence_gate":1,"minecraft:dirt":28,"minecraft:stripped_oak_log":1,"minecraft:stone":154,"minecraft:oak_leaves":1049},"minecraft:custom":{"minecraft:interact_with_furnace":3,"lootr:looted_stat":2,"minecraft:mob_kills":2,"minecraft:interact_with_crafting_table":19,"minecraft:play_one_minute":122678,"minecraft:leave_game":3,"minecraft:time_since_death":42598,"minecraft:sleep_in_bed":6,"minecraft:time_since_rest":42470,"minecraft:sprint_one_cm":274045,"minecraft:damage_taken":1588,"minecraft:walk_one_cm":277021,"minecraft:drop":7,"minecraft:damage_dealt":1191,"minecraft:fly_one_cm":211144,"minecraft:open_chest":18,"minecraft:crouch_one_cm":173,"tombstone:undead_killed":2,"minecraft:deaths":2,"minecraft:sneak_time":839,"minecraft:jump":1022,"minecraft:walk_on_water_one_cm":44,"minecraft:fall_one_cm":17047},"minecraft:used":{"minecraft:oak_fence":28,"minecraft:stone_sword":141,"minecraft:stone_shovel":138,"minecraft:stone_pickaxe":487,"minecraft:oak_planks":9,"minecraft:wooden_pickaxe":23,"minecraft:stone_hoe":7,"minecraft:torch":13,"minecraft:dirt":54,"minecraft:crafting_table":3,"minecraft:oak_fence_gate":1,"minecraft:bread":12,"minecraft:stone_axe":187,"create:gabbro_cobblestone":6,"minecraft:furnace":1,"create:dolomite_cobblestone":35,"tombstone:gift":1,"minecraft:yellow_bed":1,"quark:oak_chest":3,"minecraft:potato":33},"minecraft:crafted":{"minecraft:oak_planks":52,"minecraft:stone_shovel":1,"minecraft:crafting_table":2,"minecraft:wooden_pickaxe":1,"minecraft:furnace":1,"blockarmor:oak_log_leggings":1,"blockarmor:oak_log_helmet":1,"minecraft:stone_axe":2,"minecraft:bread":9,"minecraft:stick":16,"quark:oak_chest":3,"minecraft:iron_ingot":5,"blockarmor:oak_log_boots":1,"minecraft:stone_pickaxe":5,"minecraft:stone_sword":2,"blockarmor:oak_log_chestplate":1,"minecraft:torch":16,"minecraft:stone_hoe":1,"minecraft:wheat":27}},"DataVersion":2586}