{"stats":{"minecraft:mined":{"mexicraft:red_dahlia":2,"minecraft:white_bed":1,"create:millstone":8,"create:dolomite":167,"minecraft:mossy_stone_brick_slab":2,"mexicraft:salt_ore":8,"minecraft:brewing_stand":1,"minecraft:ladder":2,"minecraft:grass_block":2658,"minecraft:yellow_carpet":3,"create:large_cogwheel":4,"create:encased_fan":8,"minecraft:composter":1,"minecraft:kelp":5,"minecraft:hay_block":3,"create:shaft":4,"minecraft:magma_block":4,"minecraft:carrots":21,"minecraft:furnace":1,"minecraft:iron_ore":66,"minecraft:fire":22,"minecraft:andesite":129,"create:dolomite_cobblestone":28,"treechop:chopped_log":68,"minecraft:azure_bluet":4,"minecraft:gold_block":1,"minecraft:potatoes":169,"create:chute":8,"minecraft:stripped_oak_log":1,"minecraft:stone":221,"create:mechanical_press":1,"mexicraft:white_dahlia":2,"create:cogwheel":17,"minecraft:glass_pane":2,"minecraft:red_bed":1,"minecraft:kelp_plant":35,"quark:oak_chest":11,"minecraft:orange_terracotta":1,"minecraft:stone_brick_slab":1,"minecraft:oak_fence":32,"minecraft:cornflower":1,"minecraft:torch":5,"minecraft:crafting_table":1,"minecraft:melon":5,"create:water_wheel":10,"minecraft:tall_grass":48,"minecraft:cobblestone":169,"create:gabbro_cobblestone":13,"minecraft:oak_planks":14,"minecraft:wall_torch":5,"minecraft:cactus":4,"minecraft:cobblestone_wall":1,"create:gearbox":3,"minecraft:wheat":33,"minecraft:birch_leaves":15,"minecraft:grass_path":28,"minecraft:yellow_bed":2,"create:mechanical_drill":7,"minecraft:grass":229,"create:gabbro":120,"minecraft:coal_ore":127,"minecraft:oak_log":204,"minecraft:oak_fence_gate":1,"minecraft:gravel":16,"create:hand_crank":2,"minecraft:sand":48,"minecraft:dirt":2244,"minecraft:terracotta":10,"minecraft:netherrack":4,"minecraft:oak_leaves":1049},"minecraft:broken":{"minecraft:stone_sword":1,"constructionwand:stone_wand":5,"minecraft:stone_pickaxe":7,"constructionwand:iron_wand":5,"minecraft:stone_axe":1,"supertools:shovelstone":3,"minecraft:stone_shovel":4},"minecraft:picked_up":{"iceandfire:dragon_skull_lightning":6,"minecraft:wheat":23,"minecraft:crafting_table":2,"ganjacraft:sativa_seed":103,"minecraft:azure_bluet":5,"create:dolomite_cobblestone":194,"minecraft:ladder":2,"ganjacraft:indica_seed":106,"minecraft:gold_block":1,"minecraft:brewing_stand":1,"mexicraft:yellow_dahlia":2,"minecraft:cornflower":18,"minecraft:red_bed":1,"create:chute":7,"create:water_wheel":10,"create:mechanical_press":1,"minecraft:iron_nugget":645,"minecraft:poppy":4,"minecraft:melon_slice":22,"minecraft:furnace":1,"minecraft:egg":1,"minecraft:stick":13,"iceandfire:dragonbone":72,"minecraft:stone":807,"minecraft:oak_door":3,"minecraft:composter":1,"minecraft:oak_fence":30,"minecraft:torch":11,"mexicraft:white_dahlia":3,"create:hand_crank":3,"tombstone:grave_dust":2,"mexicraft:purple_dahlia":5,"minecraft:carrot":48,"create:vertical_gearbox":2,"create:large_cogwheel":4,"minecraft:stone_sword":1,"minecraft:cactus":7,"minecraft:stone_shovel":16,"minecraft:rotten_flesh":7,"minecraft:hay_block":3,"minecraft:cobblestone":756,"minecraft:oxeye_daisy":1,"minecraft:stripped_oak_log":1,"mexicraft:nopal":1,"create:iron_sheet":6,"minecraft:birch_leaves":6,"minecraft:magma_block":4,"minecraft:feather":1,"minecraft:andesite":127,"minecraft:potato":545,"minecraft:flint":1184,"minecraft:oak_log":194,"scalinghealth:bandages":2,"minecraft:yellow_bed":2,"create:gabbro_cobblestone":132,"minecraft:cobblestone_wall":1,"minecraft:gunpowder":2,"minecraft:dirt":4679,"constructionwand:iron_wand":1,"tombstone:gift":1,"minecraft:light_gray_concrete_powder":3,"minecraft:orange_terracotta":1,"minecraft:bone":1,"mexicraft:orange_dahlia":20,"minecraft:apple":2,"mexicraft:red_dahlia":2,"minecraft:kelp":171,"minecraft:bow":1,"minecraft:wheat_seeds":157,"create:mechanical_drill":5,"minecraft:oak_fence_gate":1,"minecraft:stone_pickaxe":1,"minecraft:iron_ore":66,"create:shaft":4,"minecraft:oak_planks":43,"create:cogwheel":17,"minecraft:stone_brick_slab":1,"minecraft:dandelion":8,"minecraft:poisonous_potato":2,"minecraft:gravel":815,"minecraft:sand":44,"minecraft:white_bed":1,"quark:oak_chest":11,"minecraft:mossy_stone_brick_slab":2,"create:gearbox":1,"minecraft:light_gray_concrete":4,"create:millstone":8,"minecraft:yellow_carpet":2,"waystones:waystone":1,"create:encased_fan":8,"minecraft:terracotta":10,"tombstone:magic_scroll":1,"minecraft:oak_sapling":50,"minecraft:netherrack":2,"mexicraft:salt":7,"minecraft:coal":127},"minecraft:crafted":{"create:chute":4,"minecraft:light_gray_concrete_powder":8,"minecraft:oak_planks":460,"minecraft:cobblestone_slab":6,"minecraft:stone_shovel":51,"minecraft:iron_nugget":63,"blockarmor:cobblestone_helmet":2,"minecraft:furnace":2,"create:andesite_casing":8,"blockarmor:oak_log_leggings":1,"minecraft:stone":28,"create:vertical_gearbox":1,"supertools:shovelstone":5,"minecraft:iron_boots":1,"create:mechanical_press":1,"create:millstone":3,"minecraft:stone_pickaxe":10,"minecraft:cobblestone_wall":6,"minecraft:oak_button":36,"create:basin":1,"minecraft:stone_hoe":2,"minecraft:oak_fence":12,"cgm:workbench":1,"create:cogwheel":16,"create:belt_connector":2,"create:windmill_bearing":1,"minecraft:wheat":27,"minecraft:red_dye":1,"minecraft:oak_slab":36,"create:turntable":1,"create:andesite_alloy":34,"create:hand_crank":1,"blockarmor:cobblestone_boots":1,"minecraft:crafting_table":4,"minecraft:iron_helmet":1,"minecraft:dried_kelp":32,"minecraft:wooden_pickaxe":1,"minecraft:baked_potato":138,"constructionwand:iron_wand":5,"minecraft:red_bed":1,"minecraft:bucket":2,"blockarmor:oak_log_helmet":1,"minecraft:stone_axe":4,"minecraft:bread":9,"minecraft:air":0,"create:gearbox":1,"create:encased_fan":1,"minecraft:oak_fence_gate":1,"minecraft:iron_chestplate":1,"blockarmor:cobblestone_chestplate":1,"create:water_wheel":4,"minecraft:white_dye":2,"constructionwand:stone_wand":5,"minecraft:stick":180,"quark:oak_chest":20,"minecraft:iron_ingot":128,"minecraft:iron_pickaxe":1,"blockarmor:oak_log_boots":1,"minecraft:iron_block":1,"minecraft:stone_sword":4,"minecraft:gold_ingot":9,"minecraft:iron_leggings":1,"blockarmor:cobblestone_leggings":1,"create:large_cogwheel":6,"minecraft:light_gray_dye":3,"blockarmor:oak_log_chestplate":1,"create:propeller":1,"create:mechanical_drill":2,"create:shaft":8,"minecraft:torch":32,"minecraft:shears":1},"minecraft:killed_by":{"mexicraft:scorpion":1,"mutantbeasts:mutant_skeleton":2,"minecraft:skeleton":6,"minecraft:zombie":2},"minecraft:killed":{"minecraft:skeleton":3,"minecraft:creeper":2,"minecraft:zombie":2},"minecraft:dropped":{"minecraft:iron_ingot":6,"minecraft:cobblestone":792,"minecraft:coal":3,"minecraft:yellow_carpet":1,"minecraft:stick":1,"minecraft:dirt":5,"tombstone:grave_dust":2,"minecraft:dandelion":2,"minecraft:gold_ingot":1,"minecraft:gravel":5242,"minecraft:wheat":6,"minecraft:iron_nugget":6,"minecraft:stone_sword":1,"minecraft:stone_shovel":13,"tombstone:gift":2,"minecraft:composter":1,"minecraft:oak_planks":32,"minecraft:azure_bluet":1,"minecraft:stone_pickaxe":1,"minecraft:light_gray_concrete_powder":7},"minecraft:custom":{"lootr:looted_stat":5,"minecraft:mob_kills":9,"minecraft:interact_with_crafting_table":119,"minecraft:leave_game":8,"minecraft:time_since_death":199136,"minecraft:climb_one_cm":734,"minecraft:sprint_one_cm":1263715,"minecraft:walk_one_cm":1467774,"minecraft:drop":429,"minecraft:deaths":14,"minecraft:sneak_time":2592,"minecraft:walk_under_water_one_cm":45502,"minecraft:jump":7858,"minecraft:walk_on_water_one_cm":9679,"minecraft:interact_with_furnace":43,"minecraft:play_one_minute":702667,"minecraft:sleep_in_bed":41,"minecraft:time_since_rest":2421,"minecraft:waystone_activated":4,"minecraft:damage_taken":6836,"minecraft:damage_dealt":2855,"minecraft:use_wand":1905,"minecraft:swim_one_cm":4564,"minecraft:fly_one_cm":2151288,"minecraft:crouch_one_cm":1801,"minecraft:open_chest":465,"tombstone:undead_killed":5,"minecraft:fall_one_cm":165042,"minecraft:horse_one_cm":7887},"minecraft:used":{"minecraft:oak_fence":33,"additionalguns:m16a2":30,"minecraft:stone_sword":323,"minecraft:flint_and_steel":1,"minecraft:stone_shovel":807,"minecraft:mossy_stone_brick_slab":1,"minecraft:stone_hoe":97,"minecraft:netherrack":2,"minecraft:torch":33,"minecraft:dirt":2841,"constructionwand:iron_wand":80,"cgm:workbench":1,"securitycraft:keypad_item":1,"create:cogwheel":35,"minecraft:cobblestone_wall":1,"minecraft:oak_fence_gate":1,"create:chute":8,"minecraft:stone_brick_slab":1,"minecraft:lava_bucket":11,"create:gearbox":1,"create:millstone":9,"create:shaft":4,"create:dolomite_cobblestone":51,"minecraft:furnace":3,"create:mechanical_drill":7,"tombstone:gift":1,"minecraft:potato":216,"minecraft:wheat_seeds":78,"minecraft:water_bucket":41,"minecraft:cactus":4,"minecraft:birch_leaves":1,"minecraft:baked_potato":56,"minecraft:stone_pickaxe":1135,"minecraft:oak_planks":13,"minecraft:wooden_pickaxe":23,"minecraft:cobblestone_slab":1,"iceandfire:dragon_skull_lightning":1,"minecraft:sand":4,"minecraft:terracotta":7,"create:encased_fan":9,"minecraft:crafting_table":5,"minecraft:red_bed":2,"constructionwand:stone_wand":90,"minecraft:shears":6,"supertools:shovelstone":611,"waystones:waystone":1,"create:mechanical_press":1,"minecraft:iron_pickaxe":17,"minecraft:bread":14,"create:water_wheel":14,"minecraft:stone_axe":198,"minecraft:gravel":18,"minecraft:cobblestone":186,"create:gabbro_cobblestone":18,"minecraft:andesite":1,"minecraft:bucket":52,"minecraft:yellow_bed":2,"quark:oak_chest":31,"create:vertical_gearbox":2,"create:hand_crank":3,"minecraft:kelp":64,"create:large_cogwheel":12}},"DataVersion":2586}