{"stats":{"minecraft:picked_up":{"minecraft:crafting_table":1,"minecraft:oak_log":4,"minecraft:oak_sapling":2,"minecraft:cobblestone":21},"minecraft:mined":{"minecraft:grass":2,"minecraft:oak_log":4,"minecraft:tall_grass":1,"minecraft:stone":21,"treechop:chopped_log":2,"minecraft:oak_leaves":54,"minecraft:cornflower":1},"minecraft:custom":{"minecraft:time_since_rest":6384,"minecraft:play_one_minute":14678,"lootr:looted_stat":2,"minecraft:sprint_one_cm":55490,"minecraft:damage_taken":30,"minecraft:walk_one_cm":20349,"minecraft:sneak_time":9,"minecraft:jump":85,"minecraft:damage_dealt":61,"minecraft:leave_game":3,"minecraft:time_since_death":14678,"minecraft:sleep_in_bed":1,"minecraft:interact_with_crafting_table":2,"minecraft:fall_one_cm":1589,"minecraft:fly_one_cm":14851},"minecraft:used":{"minecraft:crafting_table":1,"minecraft:bread":2,"minecraft:wooden_pickaxe":21,"minecraft:potato":1},"minecraft:crafted":{"minecraft:oak_planks":16,"minecraft:stone_axe":1,"minecraft:crafting_table":1,"minecraft:stick":4,"minecraft:wooden_pickaxe":1}},"DataVersion":2586}