{"stats":{"minecraft:dropped":{"minecraft:composter":1,"tombstone:gift":2,"minecraft:yellow_carpet":1,"minecraft:stick":1,"minecraft:dirt":4,"tombstone:grave_dust":2},"minecraft:picked_up":{"minecraft:stripped_oak_log":1,"mexicraft:nopal":1,"minecraft:crafting_table":2,"ganjacraft:sativa_seed":6,"minecraft:wheat":1,"create:dolomite_cobblestone":176,"minecraft:andesite":65,"ganjacraft:indica_seed":5,"minecraft:potato":118,"minecraft:oak_log":191,"create:gabbro_cobblestone":9,"minecraft:yellow_bed":1,"minecraft:dirt":145,"tombstone:gift":1,"minecraft:apple":2,"minecraft:wheat_seeds":17,"minecraft:oak_fence_gate":1,"minecraft:iron_ore":58,"minecraft:oak_planks":12,"minecraft:stick":11,"minecraft:oak_door":3,"minecraft:composter":1,"minecraft:oak_fence":28,"minecraft:torch":6,"minecraft:dandelion":2,"tombstone:grave_dust":2,"minecraft:carrot":48,"minecraft:yellow_carpet":2,"minecraft:rotten_flesh":3,"minecraft:hay_block":3,"minecraft:oak_sapling":50,"mexicraft:salt":6,"minecraft:coal":102,"minecraft:cobblestone":194},"minecraft:killed":{"minecraft:skeleton":1,"minecraft:zombie":1},"minecraft:killed_by":{"minecraft:skeleton":1,"minecraft:zombie":1},"minecraft:broken":{"minecraft:stone_pickaxe":4,"minecraft:stone_sword":1,"minecraft:stone_axe":1,"minecraft:stone_shovel":1},"minecraft:mined":{"minecraft:glass_pane":2,"create:dolomite":165,"mexicraft:salt_ore":6,"minecraft:crafting_table":1,"minecraft:oak_fence":30,"minecraft:cornflower":1,"minecraft:torch":1,"minecraft:grass_block":106,"minecraft:yellow_carpet":3,"minecraft:tall_grass":6,"minecraft:cobblestone":2,"create:gabbro_cobblestone":4,"minecraft:oak_planks":13,"minecraft:composter":1,"minecraft:wall_torch":4,"minecraft:hay_block":3,"minecraft:carrots":21,"minecraft:iron_ore":58,"minecraft:wheat":9,"minecraft:birch_leaves":1,"minecraft:andesite":67,"create:dolomite_cobblestone":12,"treechop:chopped_log":67,"minecraft:yellow_bed":1,"minecraft:grass_path":2,"minecraft:grass":20,"create:gabbro":5,"minecraft:oak_log":202,"minecraft:potatoes":46,"minecraft:coal_ore":102,"minecraft:oak_fence_gate":1,"minecraft:dirt":38,"minecraft:stripped_oak_log":1,"minecraft:stone":193,"minecraft:oak_leaves":1049},"minecraft:custom":{"minecraft:interact_with_furnace":11,"lootr:looted_stat":2,"minecraft:mob_kills":2,"minecraft:interact_with_crafting_table":26,"minecraft:play_one_minute":158678,"minecraft:leave_game":3,"minecraft:time_since_death":78598,"minecraft:sleep_in_bed":6,"minecraft:time_since_rest":78470,"minecraft:sprint_one_cm":299983,"minecraft:damage_taken":1652,"minecraft:walk_one_cm":332326,"minecraft:drop":7,"minecraft:damage_dealt":1191,"minecraft:fly_one_cm":247448,"minecraft:open_chest":37,"minecraft:crouch_one_cm":173,"tombstone:undead_killed":2,"minecraft:deaths":2,"minecraft:sneak_time":839,"minecraft:jump":1194,"minecraft:walk_on_water_one_cm":44,"minecraft:fall_one_cm":20718},"minecraft:used":{"minecraft:oak_fence":28,"minecraft:water_bucket":1,"minecraft:stone_sword":155,"minecraft:stone_shovel":138,"minecraft:stone_pickaxe":603,"minecraft:oak_planks":9,"minecraft:wooden_pickaxe":23,"minecraft:stone_hoe":55,"minecraft:torch":17,"minecraft:dirt":64,"minecraft:crafting_table":3,"minecraft:oak_fence_gate":1,"minecraft:bread":14,"minecraft:stone_axe":187,"minecraft:cobblestone":6,"create:gabbro_cobblestone":6,"minecraft:furnace":1,"create:dolomite_cobblestone":35,"minecraft:bucket":1,"tombstone:gift":1,"minecraft:yellow_bed":1,"quark:oak_chest":5,"minecraft:potato":103},"minecraft:crafted":{"minecraft:oak_slab":12,"minecraft:oak_planks":160,"create:andesite_alloy":9,"minecraft:stone_shovel":1,"minecraft:iron_nugget":18,"minecraft:crafting_table":2,"minecraft:baked_potato":2,"minecraft:iron_helmet":1,"minecraft:wooden_pickaxe":1,"minecraft:furnace":1,"blockarmor:oak_log_leggings":1,"minecraft:bucket":1,"blockarmor:oak_log_helmet":1,"minecraft:stone_axe":2,"minecraft:air":0,"minecraft:bread":9,"minecraft:iron_boots":1,"minecraft:iron_chestplate":1,"create:water_wheel":1,"minecraft:stick":16,"quark:oak_chest":5,"minecraft:iron_ingot":52,"blockarmor:oak_log_boots":1,"minecraft:stone_pickaxe":5,"minecraft:iron_leggings":1,"minecraft:stone_sword":2,"create:large_cogwheel":2,"minecraft:oak_button":12,"blockarmor:oak_log_chestplate":1,"minecraft:torch":16,"minecraft:stone_hoe":1,"create:cogwheel":8,"minecraft:wheat":27}},"DataVersion":2586}