{"stats":{"minecraft:custom":{"lootr:looted_stat":7,"minecraft:interact_with_crafting_table":130,"minecraft:leave_game":8,"minecraft:time_since_death":17949,"minecraft:sprint_one_cm":1449373,"minecraft:drop":449,"minecraft:talked_to_villager":2,"minecraft:deaths":15,"minecraft:jump":8890,"minecraft:walk_on_water_one_cm":9679,"minecraft:interact_with_furnace":46,"minecraft:play_one_minute":749100,"minecraft:sleep_in_bed":44,"minecraft:waystone_activated":6,"minecraft:damage_dealt":2992,"minecraft:crouch_one_cm":2104,"tombstone:undead_killed":5,"minecraft:horse_one_cm":7887,"minecraft:mob_kills":10,"minecraft:climb_one_cm":734,"minecraft:walk_one_cm":1542201,"minecraft:sneak_time":3165,"minecraft:walk_under_water_one_cm":45502,"minecraft:interact_with_grindstone":1,"minecraft:time_since_rest":11895,"minecraft:damage_taken":7116,"minecraft:use_wand":1905,"minecraft:swim_one_cm":4564,"minecraft:fly_one_cm":2480891,"minecraft:open_chest":517,"minecraft:fall_one_cm":187140},"minecraft:mined":{"minecraft:white_bed":1,"create:dolomite":167,"minecraft:mossy_stone_brick_slab":2,"minecraft:brewing_stand":2,"minecraft:grass_block":2658,"minecraft:yellow_carpet":3,"minecraft:composter":1,"minecraft:magma_block":4,"minecraft:iron_ore":69,"minecraft:fire":22,"create:dolomite_cobblestone":28,"minecraft:fletching_table":1,"minecraft:azure_bluet":4,"create:mechanical_press":1,"create:cogwheel":17,"minecraft:red_bed":1,"minecraft:kelp_plant":35,"minecraft:orange_terracotta":1,"minecraft:torch":5,"minecraft:melon":5,"minecraft:cobblestone":169,"create:gabbro_cobblestone":13,"minecraft:grindstone":1,"minecraft:oak_planks":14,"minecraft:wall_torch":5,"minecraft:yellow_wool":6,"minecraft:wheat":37,"minecraft:grass":230,"minecraft:oak_log":204,"create:gabbro":120,"minecraft:oak_fence_gate":1,"create:hand_crank":2,"minecraft:sand":48,"minecraft:dirt":2246,"minecraft:netherrack":4,"minecraft:oak_leaves":1049,"mexicraft:red_dahlia":2,"create:millstone":8,"mexicraft:salt_ore":8,"minecraft:ladder":2,"create:large_cogwheel":4,"create:encased_fan":8,"minecraft:kelp":5,"minecraft:hay_block":3,"create:shaft":4,"minecraft:furnace":1,"minecraft:carrots":21,"minecraft:andesite":129,"treechop:chopped_log":68,"minecraft:gold_block":1,"minecraft:bell":1,"minecraft:potatoes":203,"create:chute":8,"minecraft:stripped_oak_log":1,"minecraft:stone":221,"minecraft:white_wool":6,"mexicraft:white_dahlia":2,"minecraft:glass_pane":2,"quark:oak_chest":11,"minecraft:stone_brick_slab":1,"minecraft:oak_fence":32,"minecraft:crafting_table":1,"minecraft:cornflower":1,"create:water_wheel":10,"minecraft:tall_grass":48,"minecraft:cactus":4,"minecraft:cobblestone_wall":1,"create:gearbox":3,"minecraft:birch_leaves":15,"minecraft:yellow_bed":3,"minecraft:grass_path":32,"create:mechanical_drill":7,"minecraft:coal_ore":127,"minecraft:gravel":16,"minecraft:terracotta":10},"minecraft:dropped":{"minecraft:dirt":5,"minecraft:sand":18,"minecraft:gold_ingot":1,"minecraft:gravel":5242,"minecraft:iron_nugget":6,"minecraft:wheat":6,"tombstone:gift":2,"minecraft:oak_planks":32,"minecraft:azure_bluet":1,"minecraft:light_gray_concrete_powder":7,"minecraft:iron_ingot":6,"minecraft:cobblestone":792,"minecraft:yellow_carpet":1,"minecraft:coal":3,"minecraft:stick":1,"tombstone:grave_key":1,"tombstone:grave_dust":2,"minecraft:dandelion":2,"ganjacraft:sativa_seed":1,"minecraft:stone_sword":1,"minecraft:composter":1,"minecraft:stone_shovel":13,"minecraft:stone_pickaxe":1},"minecraft:killed":{"minecraft:skeleton":3,"minecraft:creeper":2,"minecraft:zombie":2,"alexsmobs:crow":1},"minecraft:killed_by":{"minecraft:zombie":2,"iceandfire:fire_dragon":1,"mutantbeasts:mutant_skeleton":2,"mexicraft:scorpion":1,"minecraft:skeleton":6},"minecraft:picked_up":{"ganjacraft:sativa_seed":105,"minecraft:wheat":25,"create:dolomite_cobblestone":194,"ganjacraft:indica_seed":106,"minecraft:yellow_wool":5,"minecraft:brewing_stand":2,"mexicraft:yellow_dahlia":2,"create:water_wheel":10,"create:mechanical_press":1,"minecraft:melon_slice":22,"minecraft:furnace":1,"minecraft:stick":13,"minecraft:composter":1,"minecraft:oak_fence":30,"minecraft:torch":11,"tombstone:grave_dust":2,"mexicraft:purple_dahlia":5,"create:large_cogwheel":4,"minecraft:stone_sword":1,"minecraft:cactus":7,"minecraft:rotten_flesh":7,"minecraft:cobblestone":756,"minecraft:magma_block":4,"minecraft:feather":2,"minecraft:andesite":127,"minecraft:potato":657,"minecraft:flint":1184,"create:gabbro_cobblestone":132,"minecraft:dirt":4685,"constructionwand:iron_wand":1,"minecraft:light_gray_concrete_powder":3,"mexicraft:orange_dahlia":20,"minecraft:bone":1,"minecraft:glass":18,"minecraft:bow":1,"minecraft:wheat_seeds":165,"create:mechanical_drill":5,"minecraft:bell":1,"minecraft:grindstone":1,"create:shaft":4,"minecraft:fletching_table":1,"minecraft:oak_planks":43,"create:cogwheel":17,"minecraft:poisonous_potato":3,"minecraft:sand":44,"minecraft:light_gray_concrete":4,"minecraft:yellow_carpet":2,"waystones:waystone":1,"minecraft:oak_sapling":50,"minecraft:netherrack":2,"mexicraft:salt":7,"iceandfire:dragon_skull_lightning":6,"minecraft:crafting_table":2,"minecraft:azure_bluet":5,"minecraft:ladder":2,"minecraft:gold_block":1,"minecraft:cornflower":18,"minecraft:red_bed":1,"create:chute":7,"minecraft:iron_nugget":645,"minecraft:poppy":4,"minecraft:egg":2,"iceandfire:dragonbone":72,"minecraft:stone":807,"minecraft:oak_door":3,"mexicraft:white_dahlia":3,"create:hand_crank":3,"minecraft:carrot":48,"create:vertical_gearbox":2,"minecraft:stone_shovel":16,"minecraft:hay_block":3,"minecraft:white_wool":6,"minecraft:oxeye_daisy":1,"minecraft:stripped_oak_log":1,"mexicraft:nopal":1,"minecraft:birch_leaves":6,"create:iron_sheet":6,"minecraft:oak_log":194,"scalinghealth:bandages":2,"minecraft:yellow_bed":3,"minecraft:gunpowder":2,"minecraft:cobblestone_wall":1,"tombstone:gift":1,"minecraft:orange_terracotta":1,"minecraft:apple":2,"mexicraft:red_dahlia":2,"minecraft:kelp":171,"minecraft:oak_fence_gate":1,"minecraft:stone_pickaxe":1,"minecraft:iron_ore":69,"minecraft:stone_brick_slab":1,"minecraft:dandelion":8,"minecraft:gravel":815,"minecraft:white_bed":1,"create:gearbox":1,"minecraft:mossy_stone_brick_slab":2,"quark:oak_chest":11,"create:millstone":8,"create:encased_fan":8,"minecraft:terracotta":10,"tombstone:magic_scroll":1,"minecraft:coal":127},"minecraft:crafted":{"minecraft:light_gray_concrete_powder":8,"minecraft:oak_planks":460,"minecraft:cobblestone_slab":6,"blockarmor:cobblestone_helmet":2,"create:andesite_casing":8,"minecraft:stone":28,"easy_villagers:incubator":1,"create:vertical_gearbox":1,"supertools:shovelstone":5,"minecraft:iron_boots":1,"create:mechanical_press":1,"minecraft:oak_button":36,"minecraft:stone_hoe":2,"create:cogwheel":16,"minecraft:oak_fence":12,"create:turntable":1,"minecraft:oak_slab":36,"minecraft:crafting_table":4,"constructionwand:iron_wand":5,"minecraft:wooden_pickaxe":1,"minecraft:baked_potato":138,"minecraft:iron_helmet":1,"create:gearbox":1,"create:encased_fan":1,"minecraft:iron_chestplate":1,"blockarmor:cobblestone_chestplate":1,"create:water_wheel":4,"constructionwand:stone_wand":5,"minecraft:stick":180,"quark:oak_chest":22,"minecraft:iron_ingot":139,"minecraft:iron_pickaxe":1,"minecraft:iron_block":1,"minecraft:stone_sword":4,"minecraft:gold_ingot":9,"create:large_cogwheel":6,"minecraft:light_gray_dye":3,"create:propeller":1,"blockarmor:cobblestone_leggings":1,"minecraft:shears":1,"create:chute":4,"minecraft:stone_shovel":51,"minecraft:iron_nugget":63,"minecraft:furnace":2,"blockarmor:oak_log_leggings":1,"easy_villagers:iron_farm":1,"minecraft:glass_pane":32,"create:millstone":3,"minecraft:stone_pickaxe":10,"minecraft:cobblestone_wall":6,"create:basin":1,"cgm:workbench":1,"create:belt_connector":2,"create:windmill_bearing":1,"minecraft:wheat":27,"minecraft:red_dye":1,"create:andesite_alloy":34,"easy_villagers:farmer":1,"create:hand_crank":1,"blockarmor:cobblestone_boots":1,"minecraft:dried_kelp":32,"minecraft:red_bed":1,"minecraft:bucket":2,"blockarmor:oak_log_helmet":1,"minecraft:stone_axe":4,"minecraft:bread":15,"minecraft:air":0,"minecraft:oak_fence_gate":1,"minecraft:white_dye":2,"blockarmor:oak_log_boots":1,"easy_villagers:breeder":1,"minecraft:iron_leggings":1,"blockarmor:oak_log_chestplate":1,"create:mechanical_drill":2,"create:shaft":8,"minecraft:torch":32},"minecraft:broken":{"minecraft:stone_pickaxe":7,"constructionwand:iron_wand":5,"minecraft:stone_axe":1,"supertools:shovelstone":3,"minecraft:stone_shovel":4,"minecraft:stone_sword":1,"constructionwand:stone_wand":5},"minecraft:used":{"easy_villagers:breeder":1,"ganjacraft:sativa_seed":1,"minecraft:mossy_stone_brick_slab":1,"constructionwand:iron_wand":80,"securitycraft:keypad_item":1,"create:cogwheel":35,"minecraft:lava_bucket":11,"create:millstone":9,"easy_villagers:iron_farm":1,"create:shaft":4,"minecraft:furnace":3,"create:mechanical_drill":7,"minecraft:potato":251,"minecraft:birch_leaves":1,"minecraft:stone_pickaxe":1141,"minecraft:oak_planks":13,"minecraft:cactus":4,"minecraft:wooden_pickaxe":23,"minecraft:sand":4,"minecraft:shears":6,"supertools:shovelstone":611,"waystones:waystone":1,"easy_villagers:villager":6,"minecraft:bread":14,"minecraft:gravel":18,"minecraft:grindstone":1,"minecraft:andesite":1,"create:vertical_gearbox":2,"create:large_cogwheel":12,"minecraft:oak_fence":33,"additionalguns:m16a2":30,"minecraft:stone_sword":323,"minecraft:flint_and_steel":1,"minecraft:stone_shovel":813,"minecraft:stone_hoe":97,"minecraft:netherrack":2,"minecraft:torch":33,"minecraft:dirt":2843,"cgm:workbench":1,"minecraft:cobblestone_wall":1,"minecraft:oak_fence_gate":1,"create:chute":8,"minecraft:stone_brick_slab":1,"create:gearbox":1,"create:dolomite_cobblestone":51,"easy_villagers:incubator":1,"tombstone:gift":1,"minecraft:wheat_seeds":78,"minecraft:water_bucket":41,"minecraft:baked_potato":66,"easy_villagers:farmer":1,"iceandfire:dragon_skull_lightning":1,"minecraft:cobblestone_slab":1,"minecraft:terracotta":7,"create:encased_fan":9,"minecraft:crafting_table":5,"minecraft:red_bed":2,"constructionwand:stone_wand":90,"create:mechanical_press":1,"minecraft:iron_pickaxe":17,"create:water_wheel":14,"minecraft:stone_axe":204,"minecraft:cobblestone":186,"create:gabbro_cobblestone":18,"minecraft:bucket":54,"minecraft:yellow_bed":2,"quark:oak_chest":33,"create:hand_crank":3,"minecraft:kelp":64}},"DataVersion":2586}