{"stats":{"minecraft:used":{"minecraft:oak_fence":29,"minecraft:stone_sword":202,"minecraft:stone_shovel":286,"minecraft:stone_hoe":55,"minecraft:netherrack":2,"minecraft:torch":18,"minecraft:dirt":141,"cgm:workbench":1,"create:cogwheel":19,"minecraft:oak_fence_gate":1,"create:chute":6,"minecraft:stone_brick_slab":1,"minecraft:lava_bucket":10,"create:gearbox":1,"create:millstone":7,"create:shaft":4,"create:dolomite_cobblestone":36,"minecraft:furnace":3,"create:mechanical_drill":7,"tombstone:gift":1,"minecraft:potato":216,"minecraft:water_bucket":22,"minecraft:birch_leaves":1,"minecraft:stone_pickaxe":810,"minecraft:baked_potato":19,"minecraft:oak_planks":9,"minecraft:wooden_pickaxe":23,"minecraft:terracotta":7,"create:encased_fan":4,"minecraft:crafting_table":3,"minecraft:shears":6,"create:mechanical_press":1,"minecraft:bread":14,"minecraft:iron_pickaxe":17,"create:water_wheel":7,"minecraft:gravel":12,"minecraft:stone_axe":191,"minecraft:cobblestone":137,"create:gabbro_cobblestone":6,"minecraft:andesite":1,"minecraft:bucket":32,"minecraft:yellow_bed":2,"quark:oak_chest":15,"create:hand_crank":3,"create:vertical_gearbox":2,"create:large_cogwheel":3},"minecraft:killed":{"minecraft:skeleton":1,"minecraft:zombie":1},"minecraft:mined":{"create:millstone":5,"create:dolomite":165,"minecraft:mossy_stone_brick_slab":1,"mexicraft:salt_ore":6,"minecraft:brewing_stand":1,"minecraft:ladder":2,"minecraft:grass_block":188,"create:large_cogwheel":1,"minecraft:yellow_carpet":3,"create:encased_fan":3,"minecraft:composter":1,"minecraft:hay_block":3,"minecraft:magma_block":4,"create:shaft":2,"minecraft:furnace":1,"minecraft:carrots":21,"minecraft:iron_ore":58,"minecraft:andesite":129,"create:dolomite_cobblestone":12,"treechop:chopped_log":67,"minecraft:azure_bluet":3,"minecraft:gold_block":1,"minecraft:potatoes":156,"create:chute":4,"minecraft:stripped_oak_log":1,"minecraft:stone":203,"create:mechanical_press":1,"mexicraft:white_dahlia":2,"create:cogwheel":9,"minecraft:glass_pane":2,"quark:oak_chest":4,"minecraft:stone_brick_slab":1,"minecraft:oak_fence":31,"minecraft:crafting_table":1,"minecraft:cornflower":1,"minecraft:torch":1,"create:water_wheel":2,"minecraft:tall_grass":7,"minecraft:cobblestone":87,"create:gabbro_cobblestone":4,"minecraft:oak_planks":13,"minecraft:wall_torch":5,"minecraft:cactus":4,"create:gearbox":2,"minecraft:wheat":9,"minecraft:birch_leaves":7,"minecraft:grass_path":2,"minecraft:yellow_bed":2,"create:mechanical_drill":5,"minecraft:grass":80,"minecraft:oak_log":202,"minecraft:coal_ore":102,"create:gabbro":5,"minecraft:oak_fence_gate":1,"create:hand_crank":2,"minecraft:gravel":7,"minecraft:sand":48,"minecraft:dirt":126,"minecraft:terracotta":10,"minecraft:netherrack":4,"minecraft:oak_leaves":1049},"minecraft:picked_up":{"minecraft:wheat":1,"minecraft:crafting_table":2,"ganjacraft:sativa_seed":17,"minecraft:azure_bluet":3,"create:dolomite_cobblestone":176,"minecraft:ladder":2,"ganjacraft:indica_seed":14,"minecraft:gold_block":1,"minecraft:brewing_stand":1,"mexicraft:yellow_dahlia":2,"create:chute":3,"create:water_wheel":3,"create:mechanical_press":1,"minecraft:iron_nugget":147,"minecraft:furnace":1,"minecraft:egg":1,"minecraft:stick":11,"minecraft:stone":23,"minecraft:oak_door":3,"minecraft:composter":1,"minecraft:oak_fence":29,"minecraft:torch":7,"mexicraft:white_dahlia":2,"create:hand_crank":3,"tombstone:grave_dust":2,"minecraft:carrot":48,"create:vertical_gearbox":1,"create:large_cogwheel":1,"minecraft:cactus":7,"minecraft:rotten_flesh":4,"minecraft:hay_block":3,"minecraft:cobblestone":454,"minecraft:stripped_oak_log":1,"mexicraft:nopal":1,"minecraft:birch_leaves":6,"minecraft:magma_block":4,"create:iron_sheet":6,"minecraft:andesite":127,"minecraft:potato":517,"minecraft:flint":236,"minecraft:oak_log":191,"minecraft:yellow_bed":2,"create:gabbro_cobblestone":9,"minecraft:dirt":302,"tombstone:gift":1,"minecraft:light_gray_concrete_powder":3,"minecraft:apple":2,"minecraft:wheat_seeds":24,"create:mechanical_drill":5,"minecraft:stone_pickaxe":1,"minecraft:oak_fence_gate":1,"minecraft:iron_ore":58,"create:shaft":2,"minecraft:oak_planks":12,"create:cogwheel":9,"minecraft:stone_brick_slab":1,"minecraft:dandelion":2,"minecraft:poisonous_potato":2,"minecraft:gravel":211,"minecraft:sand":44,"minecraft:mossy_stone_brick_slab":1,"quark:oak_chest":4,"create:gearbox":1,"create:millstone":5,"minecraft:light_gray_concrete":4,"minecraft:yellow_carpet":2,"create:encased_fan":3,"minecraft:terracotta":10,"minecraft:oak_sapling":50,"minecraft:netherrack":2,"mexicraft:salt":6,"minecraft:coal":102},"minecraft:custom":{"lootr:looted_stat":3,"minecraft:mob_kills":3,"minecraft:interact_with_crafting_table":82,"minecraft:leave_game":5,"minecraft:time_since_death":6313,"minecraft:climb_one_cm":734,"minecraft:sprint_one_cm":575085,"minecraft:walk_one_cm":694639,"minecraft:drop":261,"minecraft:deaths":7,"minecraft:sneak_time":1510,"minecraft:walk_under_water_one_cm":1970,"minecraft:jump":3568,"minecraft:walk_on_water_one_cm":4265,"minecraft:interact_with_furnace":35,"minecraft:play_one_minute":378172,"minecraft:sleep_in_bed":21,"minecraft:time_since_rest":6093,"minecraft:damage_taken":3412,"minecraft:damage_dealt":1586,"minecraft:fly_one_cm":891620,"minecraft:open_chest":214,"minecraft:crouch_one_cm":502,"tombstone:undead_killed":2,"minecraft:fall_one_cm":87199},"minecraft:dropped":{"minecraft:iron_ingot":6,"minecraft:cobblestone":8,"minecraft:coal":3,"minecraft:yellow_carpet":1,"minecraft:stick":1,"minecraft:dirt":4,"tombstone:grave_dust":2,"minecraft:gravel":957,"minecraft:iron_nugget":6,"tombstone:gift":2,"minecraft:composter":1,"minecraft:oak_planks":32,"minecraft:stone_pickaxe":1,"minecraft:light_gray_concrete_powder":7},"minecraft:crafted":{"create:chute":4,"minecraft:light_gray_concrete_powder":8,"minecraft:oak_planks":312,"minecraft:stone_shovel":4,"minecraft:iron_nugget":63,"minecraft:furnace":2,"create:andesite_casing":8,"blockarmor:oak_log_leggings":1,"minecraft:stone":28,"create:vertical_gearbox":1,"minecraft:iron_boots":1,"create:mechanical_press":1,"create:millstone":3,"minecraft:stone_pickaxe":8,"minecraft:oak_button":36,"create:basin":1,"minecraft:stone_hoe":1,"cgm:workbench":1,"create:cogwheel":16,"minecraft:wheat":27,"minecraft:oak_slab":36,"create:andesite_alloy":34,"create:hand_crank":1,"minecraft:crafting_table":2,"minecraft:iron_helmet":1,"minecraft:baked_potato":82,"minecraft:wooden_pickaxe":1,"minecraft:bucket":2,"blockarmor:oak_log_helmet":1,"minecraft:stone_axe":3,"minecraft:bread":9,"minecraft:air":0,"create:gearbox":1,"create:encased_fan":1,"minecraft:iron_chestplate":1,"create:water_wheel":4,"minecraft:white_dye":2,"minecraft:stick":36,"quark:oak_chest":12,"minecraft:iron_ingot":73,"minecraft:iron_pickaxe":1,"blockarmor:oak_log_boots":1,"minecraft:stone_sword":4,"minecraft:iron_block":1,"minecraft:iron_leggings":1,"create:large_cogwheel":6,"minecraft:light_gray_dye":3,"blockarmor:oak_log_chestplate":1,"create:propeller":1,"create:mechanical_drill":2,"create:shaft":8,"minecraft:torch":16,"minecraft:shears":1},"minecraft:killed_by":{"mutantbeasts:mutant_skeleton":2,"mexicraft:scorpion":1,"minecraft:skeleton":2,"minecraft:zombie":2},"minecraft:broken":{"minecraft:stone_sword":1,"minecraft:stone_pickaxe":5,"minecraft:stone_axe":1,"minecraft:stone_shovel":1}},"DataVersion":2586}