{"stats":{"minecraft:used":{"minecraft:oak_fence":28,"minecraft:stone_sword":156,"minecraft:stone_shovel":210,"minecraft:stone_hoe":55,"minecraft:torch":18,"minecraft:dirt":93,"create:cogwheel":7,"minecraft:oak_fence_gate":1,"minecraft:lava_bucket":3,"create:millstone":2,"create:shaft":2,"create:mechanical_drill":3,"minecraft:furnace":3,"create:dolomite_cobblestone":35,"tombstone:gift":1,"minecraft:potato":117,"minecraft:water_bucket":14,"minecraft:stone_pickaxe":632,"minecraft:baked_potato":8,"minecraft:oak_planks":9,"minecraft:wooden_pickaxe":23,"minecraft:crafting_table":3,"create:mechanical_press":1,"minecraft:bread":14,"create:water_wheel":7,"minecraft:gravel":1,"minecraft:stone_axe":187,"minecraft:cobblestone":35,"create:gabbro_cobblestone":6,"minecraft:bucket":17,"minecraft:yellow_bed":2,"quark:oak_chest":5,"create:hand_crank":3,"create:large_cogwheel":1},"minecraft:killed":{"minecraft:skeleton":1,"minecraft:zombie":1},"minecraft:mined":{"create:millstone":1,"create:dolomite":165,"mexicraft:salt_ore":6,"minecraft:brewing_stand":1,"minecraft:ladder":2,"minecraft:grass_block":160,"minecraft:yellow_carpet":3,"minecraft:composter":1,"minecraft:hay_block":3,"create:shaft":1,"minecraft:furnace":1,"minecraft:carrots":21,"minecraft:iron_ore":58,"minecraft:andesite":67,"create:dolomite_cobblestone":12,"treechop:chopped_log":67,"minecraft:potatoes":60,"minecraft:stripped_oak_log":1,"minecraft:stone":197,"create:mechanical_press":1,"create:cogwheel":4,"minecraft:glass_pane":2,"minecraft:crafting_table":1,"minecraft:oak_fence":30,"minecraft:cornflower":1,"minecraft:torch":1,"create:water_wheel":2,"minecraft:tall_grass":6,"minecraft:cobblestone":12,"create:gabbro_cobblestone":4,"minecraft:oak_planks":13,"minecraft:wall_torch":4,"minecraft:cactus":1,"minecraft:wheat":9,"minecraft:birch_leaves":1,"minecraft:grass_path":2,"minecraft:yellow_bed":2,"create:mechanical_drill":2,"minecraft:grass":67,"minecraft:oak_log":202,"minecraft:coal_ore":102,"create:gabbro":5,"minecraft:oak_fence_gate":1,"create:hand_crank":2,"minecraft:gravel":1,"minecraft:dirt":76,"minecraft:oak_leaves":1049},"minecraft:picked_up":{"minecraft:wheat":1,"minecraft:crafting_table":2,"ganjacraft:sativa_seed":16,"create:dolomite_cobblestone":176,"minecraft:ladder":2,"ganjacraft:indica_seed":12,"minecraft:brewing_stand":1,"mexicraft:yellow_dahlia":2,"create:water_wheel":3,"create:mechanical_press":1,"minecraft:furnace":1,"minecraft:stick":11,"minecraft:oak_door":3,"minecraft:composter":1,"minecraft:oak_fence":28,"minecraft:torch":6,"tombstone:grave_dust":2,"create:hand_crank":3,"minecraft:carrot":48,"minecraft:cactus":3,"minecraft:rotten_flesh":3,"minecraft:hay_block":3,"minecraft:cobblestone":215,"minecraft:stripped_oak_log":1,"mexicraft:nopal":1,"create:iron_sheet":6,"minecraft:andesite":65,"minecraft:potato":167,"minecraft:oak_log":191,"create:gabbro_cobblestone":9,"minecraft:yellow_bed":2,"minecraft:dirt":230,"tombstone:gift":1,"minecraft:apple":2,"minecraft:wheat_seeds":22,"create:mechanical_drill":2,"minecraft:oak_fence_gate":1,"minecraft:iron_ore":58,"create:shaft":1,"minecraft:oak_planks":12,"create:cogwheel":4,"minecraft:dandelion":2,"minecraft:gravel":1,"create:millstone":1,"minecraft:yellow_carpet":2,"minecraft:oak_sapling":50,"mexicraft:salt":6,"minecraft:coal":102},"minecraft:custom":{"lootr:looted_stat":2,"minecraft:mob_kills":2,"minecraft:interact_with_crafting_table":54,"minecraft:leave_game":4,"minecraft:time_since_death":32033,"minecraft:climb_one_cm":734,"minecraft:sprint_one_cm":393872,"minecraft:walk_one_cm":437092,"minecraft:drop":21,"minecraft:deaths":3,"minecraft:sneak_time":946,"minecraft:walk_under_water_one_cm":61,"minecraft:jump":1933,"minecraft:walk_on_water_one_cm":1593,"minecraft:interact_with_furnace":21,"minecraft:play_one_minute":227481,"minecraft:sleep_in_bed":8,"minecraft:time_since_rest":31672,"minecraft:damage_taken":2073,"minecraft:damage_dealt":1191,"minecraft:fly_one_cm":466915,"minecraft:open_chest":93,"minecraft:crouch_one_cm":283,"tombstone:undead_killed":2,"minecraft:fall_one_cm":40253},"minecraft:dropped":{"minecraft:iron_ingot":6,"minecraft:cobblestone":8,"minecraft:yellow_carpet":1,"minecraft:stick":1,"minecraft:dirt":4,"tombstone:grave_dust":2,"minecraft:composter":1,"tombstone:gift":2},"minecraft:crafted":{"create:chute":4,"minecraft:oak_planks":288,"minecraft:stone_shovel":3,"minecraft:iron_nugget":63,"minecraft:furnace":2,"create:andesite_casing":4,"blockarmor:oak_log_leggings":1,"minecraft:stone":3,"minecraft:iron_boots":1,"create:mechanical_press":1,"create:millstone":1,"minecraft:stone_pickaxe":6,"minecraft:oak_button":28,"create:basin":1,"minecraft:stone_hoe":1,"create:cogwheel":8,"minecraft:wheat":27,"minecraft:oak_slab":36,"create:andesite_alloy":31,"create:hand_crank":1,"minecraft:crafting_table":2,"minecraft:wooden_pickaxe":1,"minecraft:baked_potato":37,"minecraft:iron_helmet":1,"minecraft:bucket":2,"blockarmor:oak_log_helmet":1,"minecraft:stone_axe":3,"minecraft:bread":9,"minecraft:air":0,"create:encased_fan":1,"minecraft:iron_chestplate":1,"create:water_wheel":4,"minecraft:stick":28,"quark:oak_chest":5,"minecraft:iron_ingot":58,"blockarmor:oak_log_boots":1,"minecraft:stone_sword":3,"minecraft:iron_block":1,"minecraft:iron_leggings":1,"create:large_cogwheel":6,"blockarmor:oak_log_chestplate":1,"create:propeller":1,"create:mechanical_drill":1,"create:shaft":8,"minecraft:torch":16},"minecraft:killed_by":{"mutantbeasts:mutant_skeleton":1,"minecraft:skeleton":1,"minecraft:zombie":1},"minecraft:broken":{"minecraft:stone_sword":1,"minecraft:stone_pickaxe":4,"minecraft:stone_axe":1,"minecraft:stone_shovel":1}},"DataVersion":2586}