{"stats":{"minecraft:used":{"minecraft:oak_fence":28,"minecraft:water_bucket":12,"minecraft:stone_sword":156,"minecraft:stone_shovel":190,"minecraft:stone_pickaxe":611,"minecraft:baked_potato":5,"minecraft:oak_planks":9,"minecraft:wooden_pickaxe":23,"minecraft:stone_hoe":55,"minecraft:torch":18,"minecraft:dirt":92,"minecraft:crafting_table":3,"minecraft:oak_fence_gate":1,"minecraft:bread":14,"create:water_wheel":7,"minecraft:stone_axe":187,"minecraft:cobblestone":7,"create:gabbro_cobblestone":6,"minecraft:furnace":3,"create:dolomite_cobblestone":35,"minecraft:bucket":14,"tombstone:gift":1,"minecraft:yellow_bed":2,"quark:oak_chest":5,"minecraft:potato":117},"minecraft:killed":{"minecraft:skeleton":1,"minecraft:zombie":1},"minecraft:mined":{"minecraft:glass_pane":2,"create:dolomite":165,"mexicraft:salt_ore":6,"minecraft:oak_fence":30,"minecraft:brewing_stand":1,"minecraft:cornflower":1,"minecraft:crafting_table":1,"minecraft:torch":1,"minecraft:ladder":2,"minecraft:grass_block":147,"minecraft:yellow_carpet":3,"create:water_wheel":2,"minecraft:tall_grass":6,"minecraft:cobblestone":2,"create:gabbro_cobblestone":4,"minecraft:oak_planks":13,"minecraft:composter":1,"minecraft:wall_torch":4,"minecraft:hay_block":3,"minecraft:cactus":1,"minecraft:furnace":1,"minecraft:carrots":21,"minecraft:iron_ore":58,"minecraft:wheat":9,"minecraft:birch_leaves":1,"minecraft:andesite":67,"treechop:chopped_log":67,"create:dolomite_cobblestone":12,"minecraft:yellow_bed":2,"minecraft:grass_path":2,"minecraft:grass":67,"create:gabbro":5,"minecraft:potatoes":60,"minecraft:coal_ore":102,"minecraft:oak_log":202,"minecraft:oak_fence_gate":1,"minecraft:dirt":67,"minecraft:stripped_oak_log":1,"minecraft:stone":197,"minecraft:oak_leaves":1049},"minecraft:picked_up":{"minecraft:stripped_oak_log":1,"mexicraft:nopal":1,"minecraft:crafting_table":2,"ganjacraft:sativa_seed":16,"minecraft:wheat":1,"create:dolomite_cobblestone":176,"minecraft:ladder":2,"minecraft:andesite":65,"ganjacraft:indica_seed":12,"minecraft:potato":167,"minecraft:oak_log":191,"minecraft:brewing_stand":1,"minecraft:yellow_bed":2,"create:gabbro_cobblestone":9,"mexicraft:yellow_dahlia":2,"minecraft:dirt":208,"tombstone:gift":1,"minecraft:apple":2,"create:water_wheel":3,"minecraft:wheat_seeds":22,"minecraft:oak_fence_gate":1,"minecraft:iron_ore":58,"minecraft:oak_planks":12,"minecraft:furnace":1,"minecraft:stick":11,"minecraft:oak_door":3,"minecraft:composter":1,"minecraft:oak_fence":28,"minecraft:torch":6,"minecraft:dandelion":2,"tombstone:grave_dust":2,"minecraft:carrot":48,"minecraft:cactus":3,"minecraft:rotten_flesh":3,"minecraft:yellow_carpet":2,"minecraft:hay_block":3,"minecraft:oak_sapling":50,"mexicraft:salt":6,"minecraft:coal":102,"minecraft:cobblestone":198},"minecraft:custom":{"lootr:looted_stat":2,"minecraft:interact_with_furnace":20,"minecraft:mob_kills":2,"minecraft:interact_with_crafting_table":41,"minecraft:play_one_minute":203481,"minecraft:leave_game":4,"minecraft:time_since_death":8033,"minecraft:sleep_in_bed":8,"minecraft:climb_one_cm":734,"minecraft:time_since_rest":7672,"minecraft:sprint_one_cm":385215,"minecraft:damage_taken":2073,"minecraft:walk_one_cm":395019,"minecraft:drop":7,"minecraft:damage_dealt":1191,"minecraft:fly_one_cm":446447,"minecraft:open_chest":73,"minecraft:crouch_one_cm":173,"minecraft:sneak_time":852,"tombstone:undead_killed":2,"minecraft:deaths":3,"minecraft:jump":1854,"minecraft:walk_on_water_one_cm":1472,"minecraft:fall_one_cm":38196},"minecraft:dropped":{"tombstone:gift":2,"minecraft:composter":1,"minecraft:yellow_carpet":1,"minecraft:stick":1,"minecraft:dirt":4,"tombstone:grave_dust":2},"minecraft:crafted":{"minecraft:oak_slab":36,"minecraft:oak_planks":288,"create:andesite_alloy":18,"minecraft:stone_shovel":3,"minecraft:iron_nugget":36,"minecraft:crafting_table":2,"minecraft:baked_potato":37,"minecraft:wooden_pickaxe":1,"minecraft:iron_helmet":1,"minecraft:furnace":2,"blockarmor:oak_log_leggings":1,"minecraft:bucket":2,"blockarmor:oak_log_helmet":1,"minecraft:stone_axe":3,"minecraft:bread":9,"minecraft:air":0,"minecraft:iron_boots":1,"minecraft:iron_chestplate":1,"create:water_wheel":4,"minecraft:stick":28,"quark:oak_chest":5,"minecraft:iron_ingot":58,"blockarmor:oak_log_boots":1,"minecraft:stone_pickaxe":6,"minecraft:stone_sword":3,"minecraft:iron_leggings":1,"minecraft:oak_button":16,"create:large_cogwheel":4,"blockarmor:oak_log_chestplate":1,"create:shaft":8,"minecraft:torch":16,"minecraft:stone_hoe":1,"create:cogwheel":8,"minecraft:wheat":27},"minecraft:killed_by":{"minecraft:skeleton":1,"minecraft:zombie":1,"mutantbeasts:mutant_skeleton":1},"minecraft:broken":{"minecraft:stone_pickaxe":4,"minecraft:stone_sword":1,"minecraft:stone_axe":1,"minecraft:stone_shovel":1}},"DataVersion":2586}