{"stats":{"minecraft:dropped":{"minecraft:iron_ingot":6,"minecraft:cobblestone":8,"minecraft:coal":3,"minecraft:yellow_carpet":1,"minecraft:stick":1,"minecraft:dirt":5,"tombstone:grave_dust":2,"minecraft:dandelion":2,"minecraft:gold_ingot":1,"minecraft:gravel":5242,"minecraft:iron_nugget":6,"minecraft:stone_sword":1,"minecraft:stone_shovel":13,"tombstone:gift":2,"minecraft:composter":1,"minecraft:oak_planks":32,"minecraft:azure_bluet":1,"minecraft:stone_pickaxe":1,"minecraft:light_gray_concrete_powder":7},"minecraft:crafted":{"create:chute":4,"minecraft:light_gray_concrete_powder":8,"minecraft:oak_planks":460,"minecraft:stone_shovel":51,"minecraft:iron_nugget":63,"blockarmor:cobblestone_helmet":2,"minecraft:furnace":2,"create:andesite_casing":8,"blockarmor:oak_log_leggings":1,"minecraft:stone":28,"supertools:shovelstone":5,"create:vertical_gearbox":1,"minecraft:iron_boots":1,"create:mechanical_press":1,"create:millstone":3,"minecraft:stone_pickaxe":10,"minecraft:oak_button":36,"create:basin":1,"minecraft:stone_hoe":1,"cgm:workbench":1,"create:cogwheel":16,"create:belt_connector":2,"create:windmill_bearing":1,"minecraft:wheat":27,"minecraft:red_dye":1,"create:turntable":1,"minecraft:oak_slab":36,"create:andesite_alloy":34,"create:hand_crank":1,"blockarmor:cobblestone_boots":1,"minecraft:crafting_table":4,"constructionwand:iron_wand":5,"minecraft:iron_helmet":1,"minecraft:dried_kelp":32,"minecraft:wooden_pickaxe":1,"minecraft:baked_potato":138,"minecraft:red_bed":1,"minecraft:bucket":2,"blockarmor:oak_log_helmet":1,"minecraft:stone_axe":4,"minecraft:bread":9,"minecraft:air":0,"create:gearbox":1,"create:encased_fan":1,"minecraft:iron_chestplate":1,"blockarmor:cobblestone_chestplate":1,"create:water_wheel":4,"minecraft:white_dye":2,"constructionwand:stone_wand":1,"minecraft:stick":152,"quark:oak_chest":18,"minecraft:iron_ingot":128,"minecraft:iron_pickaxe":1,"blockarmor:oak_log_boots":1,"minecraft:iron_block":1,"minecraft:stone_sword":4,"minecraft:gold_ingot":9,"minecraft:iron_leggings":1,"blockarmor:cobblestone_leggings":1,"create:large_cogwheel":6,"minecraft:light_gray_dye":3,"blockarmor:oak_log_chestplate":1,"create:propeller":1,"create:mechanical_drill":2,"create:shaft":8,"minecraft:torch":24,"minecraft:shears":1},"minecraft:killed":{"minecraft:skeleton":3,"minecraft:creeper":1,"minecraft:zombie":2},"minecraft:picked_up":{"iceandfire:dragon_skull_lightning":6,"minecraft:wheat":1,"minecraft:crafting_table":2,"ganjacraft:sativa_seed":42,"minecraft:azure_bluet":5,"create:dolomite_cobblestone":194,"minecraft:ladder":2,"ganjacraft:indica_seed":46,"minecraft:gold_block":1,"minecraft:brewing_stand":1,"mexicraft:yellow_dahlia":2,"minecraft:cornflower":2,"create:chute":7,"create:water_wheel":9,"create:mechanical_press":1,"minecraft:iron_nugget":645,"minecraft:melon_slice":22,"minecraft:furnace":1,"minecraft:egg":1,"minecraft:stick":13,"iceandfire:dragonbone":72,"minecraft:stone":23,"minecraft:oak_door":3,"minecraft:composter":1,"minecraft:oak_fence":30,"minecraft:torch":11,"mexicraft:white_dahlia":3,"create:hand_crank":3,"tombstone:grave_dust":2,"minecraft:carrot":48,"create:vertical_gearbox":2,"create:large_cogwheel":3,"minecraft:stone_sword":1,"minecraft:cactus":7,"minecraft:stone_shovel":16,"minecraft:rotten_flesh":7,"minecraft:hay_block":3,"minecraft:oxeye_daisy":1,"minecraft:cobblestone":698,"minecraft:stripped_oak_log":1,"mexicraft:nopal":1,"create:iron_sheet":6,"minecraft:birch_leaves":6,"minecraft:magma_block":4,"minecraft:feather":1,"minecraft:andesite":127,"minecraft:potato":545,"minecraft:flint":1184,"minecraft:oak_log":194,"scalinghealth:bandages":2,"minecraft:yellow_bed":2,"create:gabbro_cobblestone":117,"minecraft:gunpowder":2,"minecraft:dirt":2274,"constructionwand:iron_wand":1,"tombstone:gift":1,"minecraft:light_gray_concrete_powder":3,"minecraft:orange_terracotta":1,"minecraft:bone":1,"minecraft:apple":2,"mexicraft:red_dahlia":1,"minecraft:kelp":3,"minecraft:bow":1,"minecraft:wheat_seeds":45,"create:mechanical_drill":5,"minecraft:oak_fence_gate":1,"minecraft:stone_pickaxe":1,"minecraft:iron_ore":66,"create:shaft":4,"minecraft:oak_planks":42,"create:cogwheel":16,"minecraft:stone_brick_slab":1,"minecraft:dandelion":7,"minecraft:poisonous_potato":2,"minecraft:gravel":815,"minecraft:sand":44,"minecraft:white_bed":1,"quark:oak_chest":7,"minecraft:mossy_stone_brick_slab":2,"create:gearbox":1,"minecraft:light_gray_concrete":4,"create:millstone":7,"minecraft:yellow_carpet":2,"waystones:waystone":1,"create:encased_fan":4,"minecraft:terracotta":10,"tombstone:magic_scroll":1,"minecraft:oak_sapling":50,"minecraft:netherrack":2,"mexicraft:salt":7,"minecraft:coal":127},"minecraft:broken":{"minecraft:stone_sword":1,"constructionwand:stone_wand":1,"minecraft:stone_pickaxe":7,"constructionwand:iron_wand":5,"minecraft:stone_axe":1,"supertools:shovelstone":1,"minecraft:stone_shovel":3},"minecraft:mined":{"mexicraft:red_dahlia":1,"minecraft:white_bed":1,"create:millstone":7,"create:dolomite":167,"minecraft:mossy_stone_brick_slab":2,"mexicraft:salt_ore":8,"minecraft:brewing_stand":1,"minecraft:ladder":2,"minecraft:grass_block":946,"minecraft:yellow_carpet":3,"create:large_cogwheel":3,"create:encased_fan":4,"minecraft:composter":1,"minecraft:kelp":1,"minecraft:hay_block":3,"minecraft:magma_block":4,"create:shaft":4,"minecraft:carrots":21,"minecraft:furnace":1,"minecraft:iron_ore":66,"minecraft:fire":22,"minecraft:andesite":129,"create:dolomite_cobblestone":28,"treechop:chopped_log":68,"minecraft:azure_bluet":4,"minecraft:gold_block":1,"minecraft:potatoes":169,"create:chute":8,"minecraft:stripped_oak_log":1,"minecraft:stone":211,"create:mechanical_press":1,"mexicraft:white_dahlia":2,"create:cogwheel":16,"minecraft:glass_pane":2,"quark:oak_chest":7,"minecraft:orange_terracotta":1,"minecraft:stone_brick_slab":1,"minecraft:oak_fence":32,"minecraft:cornflower":1,"minecraft:crafting_table":1,"minecraft:torch":5,"minecraft:melon":5,"create:water_wheel":9,"minecraft:tall_grass":35,"minecraft:cobblestone":118,"create:gabbro_cobblestone":13,"minecraft:oak_planks":13,"minecraft:wall_torch":5,"minecraft:cactus":4,"create:gearbox":3,"minecraft:wheat":9,"minecraft:birch_leaves":15,"minecraft:grass_path":5,"minecraft:yellow_bed":2,"create:mechanical_drill":5,"minecraft:grass":118,"create:gabbro":105,"minecraft:oak_log":204,"minecraft:coal_ore":127,"minecraft:oak_fence_gate":1,"minecraft:gravel":16,"create:hand_crank":2,"minecraft:sand":48,"minecraft:dirt":1324,"minecraft:terracotta":10,"minecraft:netherrack":4,"minecraft:oak_leaves":1049},"minecraft:used":{"minecraft:oak_fence":29,"additionalguns:m16a2":30,"minecraft:stone_sword":262,"minecraft:flint_and_steel":1,"minecraft:stone_shovel":552,"minecraft:mossy_stone_brick_slab":1,"minecraft:stone_hoe":56,"minecraft:netherrack":2,"minecraft:torch":25,"minecraft:dirt":1960,"constructionwand:iron_wand":80,"cgm:workbench":1,"securitycraft:keypad_item":1,"create:cogwheel":22,"minecraft:oak_fence_gate":1,"create:chute":8,"minecraft:stone_brick_slab":1,"minecraft:lava_bucket":10,"create:gearbox":1,"create:millstone":7,"create:shaft":4,"create:dolomite_cobblestone":51,"minecraft:furnace":3,"create:mechanical_drill":7,"tombstone:gift":1,"minecraft:potato":216,"minecraft:wheat_seeds":14,"minecraft:water_bucket":35,"minecraft:birch_leaves":1,"minecraft:stone_pickaxe":1044,"minecraft:baked_potato":48,"minecraft:oak_planks":11,"minecraft:wooden_pickaxe":23,"iceandfire:dragon_skull_lightning":1,"minecraft:terracotta":7,"create:encased_fan":4,"minecraft:crafting_table":5,"minecraft:red_bed":1,"constructionwand:stone_wand":17,"minecraft:shears":6,"supertools:shovelstone":247,"waystones:waystone":1,"create:mechanical_press":1,"minecraft:iron_pickaxe":17,"minecraft:bread":14,"create:water_wheel":10,"minecraft:stone_axe":198,"minecraft:gravel":18,"minecraft:cobblestone":182,"create:gabbro_cobblestone":18,"minecraft:andesite":1,"minecraft:bucket":46,"minecraft:yellow_bed":2,"quark:oak_chest":25,"create:vertical_gearbox":2,"create:hand_crank":3,"minecraft:kelp":63,"create:large_cogwheel":3},"minecraft:custom":{"lootr:looted_stat":5,"minecraft:mob_kills":9,"minecraft:interact_with_crafting_table":108,"minecraft:leave_game":7,"minecraft:time_since_death":112523,"minecraft:climb_one_cm":734,"minecraft:sprint_one_cm":1067836,"minecraft:walk_one_cm":1179765,"minecraft:drop":410,"minecraft:deaths":14,"minecraft:sneak_time":1930,"minecraft:walk_under_water_one_cm":42095,"minecraft:jump":6854,"minecraft:walk_on_water_one_cm":8776,"minecraft:interact_with_furnace":43,"minecraft:play_one_minute":616054,"minecraft:sleep_in_bed":34,"minecraft:time_since_rest":3543,"minecraft:waystone_activated":4,"minecraft:damage_taken":6766,"minecraft:use_wand":1381,"minecraft:damage_dealt":2543,"minecraft:fly_one_cm":1839502,"minecraft:crouch_one_cm":994,"minecraft:open_chest":374,"tombstone:undead_killed":5,"minecraft:fall_one_cm":154617},"minecraft:killed_by":{"mutantbeasts:mutant_skeleton":2,"mexicraft:scorpion":1,"minecraft:skeleton":6,"minecraft:zombie":2}},"DataVersion":2586}