{"stats":{"minecraft:used":{"minecraft:oak_fence":29,"minecraft:stone_sword":181,"minecraft:stone_shovel":228,"minecraft:stone_hoe":55,"minecraft:torch":18,"minecraft:dirt":107,"create:cogwheel":18,"minecraft:oak_fence_gate":1,"create:chute":1,"minecraft:lava_bucket":3,"create:gearbox":1,"create:millstone":2,"create:shaft":3,"create:mechanical_drill":3,"minecraft:furnace":3,"create:dolomite_cobblestone":35,"tombstone:gift":1,"minecraft:potato":168,"minecraft:water_bucket":15,"minecraft:stone_pickaxe":653,"minecraft:baked_potato":8,"minecraft:oak_planks":9,"minecraft:wooden_pickaxe":23,"create:encased_fan":4,"minecraft:crafting_table":3,"create:mechanical_press":1,"minecraft:bread":14,"create:water_wheel":7,"minecraft:gravel":4,"minecraft:stone_axe":189,"minecraft:cobblestone":60,"create:gabbro_cobblestone":6,"minecraft:bucket":18,"minecraft:yellow_bed":2,"quark:oak_chest":7,"create:hand_crank":3,"create:vertical_gearbox":2,"create:large_cogwheel":3},"minecraft:killed":{"minecraft:skeleton":1,"minecraft:zombie":1},"minecraft:mined":{"create:millstone":1,"create:dolomite":165,"mexicraft:salt_ore":6,"minecraft:brewing_stand":1,"minecraft:ladder":2,"minecraft:grass_block":177,"create:large_cogwheel":1,"minecraft:yellow_carpet":3,"create:encased_fan":3,"minecraft:composter":1,"minecraft:hay_block":3,"create:shaft":2,"minecraft:furnace":1,"minecraft:carrots":21,"minecraft:iron_ore":58,"minecraft:andesite":67,"create:dolomite_cobblestone":12,"treechop:chopped_log":67,"minecraft:potatoes":108,"minecraft:stripped_oak_log":1,"minecraft:stone":198,"create:mechanical_press":1,"create:cogwheel":9,"minecraft:glass_pane":2,"minecraft:crafting_table":1,"minecraft:oak_fence":31,"minecraft:cornflower":1,"minecraft:torch":1,"create:water_wheel":2,"minecraft:tall_grass":6,"minecraft:cobblestone":18,"create:gabbro_cobblestone":4,"minecraft:oak_planks":13,"minecraft:wall_torch":5,"minecraft:cactus":1,"create:gearbox":2,"minecraft:wheat":9,"minecraft:birch_leaves":1,"minecraft:grass_path":2,"minecraft:yellow_bed":2,"create:mechanical_drill":2,"minecraft:grass":68,"minecraft:oak_log":202,"minecraft:coal_ore":102,"create:gabbro":5,"minecraft:oak_fence_gate":1,"create:hand_crank":2,"minecraft:gravel":4,"minecraft:dirt":93,"minecraft:oak_leaves":1049},"minecraft:picked_up":{"minecraft:wheat":1,"minecraft:crafting_table":2,"ganjacraft:sativa_seed":16,"create:dolomite_cobblestone":176,"minecraft:ladder":2,"ganjacraft:indica_seed":12,"minecraft:brewing_stand":1,"mexicraft:yellow_dahlia":2,"create:water_wheel":3,"create:mechanical_press":1,"minecraft:iron_nugget":11,"minecraft:furnace":1,"minecraft:stick":11,"minecraft:oak_door":3,"minecraft:composter":1,"minecraft:oak_fence":29,"minecraft:torch":7,"tombstone:grave_dust":2,"create:hand_crank":3,"minecraft:carrot":48,"create:vertical_gearbox":1,"create:large_cogwheel":1,"minecraft:cactus":3,"minecraft:rotten_flesh":3,"minecraft:hay_block":3,"minecraft:cobblestone":351,"minecraft:stripped_oak_log":1,"mexicraft:nopal":1,"create:iron_sheet":6,"minecraft:andesite":65,"minecraft:potato":339,"minecraft:flint":26,"minecraft:oak_log":191,"create:gabbro_cobblestone":9,"minecraft:yellow_bed":2,"minecraft:dirt":263,"tombstone:gift":1,"minecraft:apple":2,"minecraft:wheat_seeds":23,"create:mechanical_drill":2,"minecraft:oak_fence_gate":1,"minecraft:iron_ore":58,"create:shaft":2,"minecraft:oak_planks":12,"create:cogwheel":9,"minecraft:dandelion":2,"minecraft:gravel":21,"create:gearbox":1,"create:millstone":1,"minecraft:yellow_carpet":2,"create:encased_fan":3,"minecraft:oak_sapling":50,"mexicraft:salt":6,"minecraft:coal":102},"minecraft:custom":{"lootr:looted_stat":2,"minecraft:mob_kills":2,"minecraft:interact_with_crafting_table":61,"minecraft:leave_game":4,"minecraft:time_since_death":17977,"minecraft:climb_one_cm":734,"minecraft:sprint_one_cm":416157,"minecraft:walk_one_cm":517009,"minecraft:drop":41,"minecraft:deaths":4,"minecraft:sneak_time":962,"minecraft:walk_under_water_one_cm":61,"minecraft:jump":2102,"minecraft:walk_on_water_one_cm":1639,"minecraft:interact_with_furnace":24,"minecraft:play_one_minute":263481,"minecraft:sleep_in_bed":10,"minecraft:time_since_rest":4876,"minecraft:damage_taken":2476,"minecraft:damage_dealt":1409,"minecraft:fly_one_cm":500852,"minecraft:open_chest":115,"minecraft:crouch_one_cm":283,"tombstone:undead_killed":2,"minecraft:fall_one_cm":42726},"minecraft:dropped":{"minecraft:iron_ingot":6,"minecraft:cobblestone":8,"minecraft:yellow_carpet":1,"minecraft:stick":1,"minecraft:dirt":4,"tombstone:grave_dust":2,"minecraft:gravel":100,"minecraft:composter":1,"tombstone:gift":2,"minecraft:oak_planks":32},"minecraft:crafted":{"create:chute":4,"minecraft:oak_planks":288,"minecraft:stone_shovel":3,"minecraft:iron_nugget":63,"minecraft:furnace":2,"create:andesite_casing":8,"blockarmor:oak_log_leggings":1,"minecraft:stone":3,"create:vertical_gearbox":1,"minecraft:iron_boots":1,"create:mechanical_press":1,"create:millstone":1,"minecraft:stone_pickaxe":6,"minecraft:oak_button":36,"create:basin":1,"minecraft:stone_hoe":1,"create:cogwheel":16,"minecraft:wheat":27,"minecraft:oak_slab":36,"create:andesite_alloy":31,"create:hand_crank":1,"minecraft:crafting_table":2,"minecraft:wooden_pickaxe":1,"minecraft:baked_potato":49,"minecraft:iron_helmet":1,"minecraft:bucket":2,"blockarmor:oak_log_helmet":1,"minecraft:stone_axe":3,"minecraft:bread":9,"minecraft:air":0,"create:gearbox":1,"create:encased_fan":1,"minecraft:iron_chestplate":1,"create:water_wheel":4,"minecraft:stick":28,"quark:oak_chest":7,"minecraft:iron_ingot":59,"blockarmor:oak_log_boots":1,"minecraft:stone_sword":3,"minecraft:iron_block":1,"minecraft:iron_leggings":1,"create:large_cogwheel":6,"blockarmor:oak_log_chestplate":1,"create:propeller":1,"create:mechanical_drill":1,"create:shaft":8,"minecraft:torch":16},"minecraft:killed_by":{"mutantbeasts:mutant_skeleton":2,"minecraft:skeleton":1,"minecraft:zombie":1},"minecraft:broken":{"minecraft:stone_sword":1,"minecraft:stone_pickaxe":4,"minecraft:stone_axe":1,"minecraft:stone_shovel":1}},"DataVersion":2586}