{"stats":{"minecraft:custom":{"lootr:looted_stat":7,"minecraft:interact_with_crafting_table":167,"minecraft:leave_game":11,"minecraft:time_since_death":71567,"minecraft:sprint_one_cm":1613555,"minecraft:drop":476,"minecraft:talked_to_villager":2,"minecraft:deaths":17,"minecraft:jump":9937,"minecraft:walk_on_water_one_cm":9891,"minecraft:interact_with_furnace":46,"minecraft:play_one_minute":847325,"minecraft:sleep_in_bed":52,"minecraft:waystone_activated":6,"tombstone:sneak_grave":2,"minecraft:damage_dealt":2992,"minecraft:crouch_one_cm":2856,"tombstone:undead_killed":5,"minecraft:interact_with_smoker":3,"minecraft:horse_one_cm":7887,"minecraft:mob_kills":10,"minecraft:climb_one_cm":734,"minecraft:walk_one_cm":1741125,"minecraft:sneak_time":4322,"minecraft:walk_under_water_one_cm":45502,"minecraft:interact_with_grindstone":1,"minecraft:time_since_rest":10167,"minecraft:damage_taken":7800,"minecraft:use_wand":1905,"minecraft:swim_one_cm":4564,"minecraft:fly_one_cm":2799689,"minecraft:open_chest":610,"minecraft:fall_one_cm":202970},"minecraft:crafted":{"minecraft:light_gray_concrete_powder":8,"minecraft:oak_planks":520,"minecraft:cobblestone_slab":6,"blockarmor:cobblestone_helmet":2,"create:andesite_casing":32,"minecraft:stone":28,"easy_villagers:incubator":1,"minecraft:lever":1,"create:mechanical_bearing":1,"create:vertical_gearbox":1,"supertools:shovelstone":5,"minecraft:iron_boots":1,"create:mechanical_press":2,"minecraft:oak_button":36,"minecraft:stone_hoe":2,"create:cogwheel":16,"minecraft:oak_fence":12,"minecraft:smoker":1,"create:turntable":2,"minecraft:oak_slab":42,"minecraft:crafting_table":4,"create:mechanical_saw":3,"constructionwand:iron_wand":5,"minecraft:iron_helmet":1,"minecraft:wooden_pickaxe":1,"minecraft:baked_potato":138,"create:encased_chain_drive":10,"create:gearbox":1,"create:encased_fan":1,"minecraft:iron_chestplate":1,"blockarmor:cobblestone_chestplate":1,"create:water_wheel":4,"constructionwand:stone_wand":5,"create:super_glue":1,"minecraft:stick":196,"quark:oak_chest":26,"minecraft:iron_ingot":139,"minecraft:iron_pickaxe":1,"minecraft:iron_block":2,"minecraft:stone_sword":5,"minecraft:gold_ingot":9,"create:large_cogwheel":6,"minecraft:light_gray_dye":3,"create:propeller":1,"blockarmor:cobblestone_leggings":1,"minecraft:shears":1,"create:chute":4,"minecraft:stone_shovel":52,"minecraft:iron_nugget":162,"create:white_sail":16,"minecraft:furnace":3,"blockarmor:oak_log_leggings":1,"easy_villagers:iron_farm":2,"ganjacraft:dried_indica_bud":6,"minecraft:glass_pane":32,"minecraft:slime_ball":4,"create:millstone":3,"minecraft:lime_dye":4,"minecraft:stone_pickaxe":11,"minecraft:cobblestone_wall":6,"create:basin":1,"create:belt_connector":2,"cgm:workbench":1,"create:windmill_bearing":1,"minecraft:wheat":27,"minecraft:red_dye":1,"create:andesite_alloy":62,"create:hand_crank":1,"easy_villagers:farmer":1,"blockarmor:cobblestone_boots":1,"create:sail_frame":16,"minecraft:dried_kelp":32,"minecraft:red_bed":1,"minecraft:bucket":2,"blockarmor:oak_log_helmet":1,"minecraft:stone_axe":5,"minecraft:bread":15,"minecraft:air":0,"minecraft:oak_fence_gate":1,"minecraft:white_dye":2,"create:linear_chassis":12,"blockarmor:oak_log_boots":1,"easy_villagers:breeder":1,"minecraft:iron_leggings":1,"blockarmor:oak_log_chestplate":1,"create:mechanical_drill":2,"create:shaft":8,"minecraft:torch":32},"minecraft:killed":{"minecraft:skeleton":3,"minecraft:creeper":2,"minecraft:zombie":2,"alexsmobs:crow":1},"minecraft:used":{"ganjacraft:indica_seed":18,"easy_villagers:breeder":1,"ganjacraft:sativa_seed":1,"minecraft:mossy_stone_brick_slab":1,"create:mechanical_bearing":2,"constructionwand:iron_wand":80,"securitycraft:keypad_item":2,"create:white_sail":22,"create:cogwheel":36,"minecraft:lava_bucket":13,"create:millstone":9,"easy_villagers:iron_farm":2,"create:shaft":5,"minecraft:oak_sapling":66,"minecraft:furnace":3,"create:mechanical_drill":7,"minecraft:potato":251,"minecraft:birch_leaves":1,"minecraft:stone_pickaxe":1164,"minecraft:oak_planks":35,"minecraft:cactus":4,"minecraft:wooden_pickaxe":23,"create:mechanical_saw":9,"minecraft:sand":4,"minecraft:shears":6,"supertools:shovelstone":611,"waystones:waystone":1,"minecraft:lever":2,"easy_villagers:villager":6,"create:super_glue":6,"minecraft:bread":14,"create:andesite_casing":6,"minecraft:gravel":18,"create:basin":1,"minecraft:grindstone":1,"minecraft:andesite":1,"create:vertical_gearbox":3,"create:large_cogwheel":12,"minecraft:oak_fence":33,"additionalguns:m16a2":30,"minecraft:stone_sword":335,"minecraft:flint_and_steel":1,"minecraft:stone_shovel":845,"minecraft:stone_hoe":97,"minecraft:netherrack":2,"minecraft:torch":33,"minecraft:dirt":2846,"cgm:workbench":1,"minecraft:cobblestone_wall":1,"minecraft:oak_fence_gate":1,"create:chute":8,"minecraft:stone_brick_slab":1,"create:gearbox":2,"create:encased_chain_drive":6,"create:dolomite_cobblestone":51,"tombstone:gift":1,"easy_villagers:incubator":1,"minecraft:wheat_seeds":78,"minecraft:water_bucket":43,"minecraft:baked_potato":71,"easy_villagers:farmer":1,"iceandfire:dragon_skull_lightning":1,"minecraft:cobblestone_slab":1,"minecraft:terracotta":7,"create:encased_fan":9,"minecraft:crafting_table":5,"minecraft:red_bed":2,"constructionwand:stone_wand":90,"minecraft:smoker":1,"minecraft:oak_log":6,"create:linear_chassis":7,"create:mechanical_press":3,"create:windmill_bearing":1,"minecraft:iron_pickaxe":20,"create:water_wheel":14,"minecraft:stone_axe":253,"minecraft:cobblestone":186,"create:gabbro_cobblestone":18,"minecraft:bucket":59,"minecraft:yellow_bed":2,"quark:oak_chest":40,"create:hand_crank":3,"minecraft:kelp":64},"minecraft:killed_by":{"minecraft:zombie":4,"iceandfire:fire_dragon":1,"mutantbeasts:mutant_skeleton":2,"mexicraft:scorpion":1,"minecraft:skeleton":6},"minecraft:mined":{"minecraft:oak_sapling":11,"ganjacraft:sativa_crop":1,"minecraft:white_bed":1,"create:dolomite":167,"minecraft:mossy_stone_brick_slab":2,"create:andesite_casing":6,"minecraft:brewing_stand":2,"minecraft:grass_block":2658,"minecraft:yellow_carpet":3,"minecraft:composter":1,"ganjacraft:indica_crop":4,"minecraft:magma_block":4,"minecraft:iron_ore":69,"minecraft:fire":22,"create:dolomite_cobblestone":28,"minecraft:fletching_table":1,"minecraft:azure_bluet":4,"create:mechanical_press":2,"create:cogwheel":20,"minecraft:red_bed":1,"minecraft:kelp_plant":35,"minecraft:orange_terracotta":1,"minecraft:torch":5,"minecraft:melon":5,"minecraft:cobblestone":169,"minecraft:grindstone":1,"create:gabbro_cobblestone":13,"minecraft:oak_planks":36,"minecraft:wall_torch":5,"create:basin":1,"minecraft:yellow_wool":6,"minecraft:wheat":48,"minecraft:grass":230,"minecraft:oak_log":205,"create:gabbro":120,"minecraft:oak_fence_gate":1,"create:hand_crank":2,"minecraft:sand":48,"minecraft:dirt":2248,"create:encased_chain_drive":7,"minecraft:netherrack":4,"create:linear_chassis":1,"minecraft:oak_leaves":1053,"mexicraft:red_dahlia":2,"create:millstone":8,"mexicraft:salt_ore":8,"minecraft:lever":1,"minecraft:ladder":2,"create:large_cogwheel":4,"create:encased_fan":8,"minecraft:kelp":5,"minecraft:hay_block":3,"create:shaft":4,"minecraft:furnace":1,"minecraft:carrots":21,"create:white_sail":6,"minecraft:andesite":129,"treechop:chopped_log":68,"minecraft:gold_block":1,"minecraft:bell":1,"minecraft:potatoes":203,"create:chute":8,"minecraft:stripped_oak_log":5,"minecraft:stone":221,"minecraft:white_wool":6,"mexicraft:white_dahlia":2,"minecraft:glass_pane":2,"quark:oak_chest":14,"minecraft:stone_brick_slab":1,"minecraft:oak_fence":32,"minecraft:crafting_table":1,"minecraft:cornflower":1,"create:water_wheel":10,"minecraft:tall_grass":49,"create:mechanical_saw":6,"minecraft:cactus":4,"minecraft:cobblestone_wall":1,"create:gearbox":4,"minecraft:birch_leaves":15,"minecraft:yellow_bed":3,"minecraft:grass_path":32,"create:mechanical_drill":7,"create:mechanical_bearing":1,"minecraft:coal_ore":127,"minecraft:gravel":16,"minecraft:terracotta":10},"minecraft:broken":{"minecraft:stone_pickaxe":8,"constructionwand:iron_wand":5,"minecraft:stone_axe":1,"supertools:shovelstone":3,"minecraft:stone_shovel":4,"minecraft:stone_sword":1,"constructionwand:stone_wand":5},"minecraft:dropped":{"minecraft:dirt":5,"minecraft:sand":18,"minecraft:gold_ingot":1,"minecraft:gravel":5242,"minecraft:iron_nugget":6,"minecraft:wheat":6,"tombstone:gift":2,"minecraft:oak_planks":32,"minecraft:azure_bluet":1,"minecraft:poppy":2,"create:wheat_flour":6,"minecraft:light_gray_concrete_powder":7,"minecraft:iron_ingot":18,"minecraft:poisonous_potato":1,"ganjacraft:indica_bud":12,"minecraft:cobblestone":792,"minecraft:coal":3,"minecraft:yellow_carpet":1,"minecraft:stick":1,"tombstone:grave_key":1,"tombstone:grave_dust":2,"minecraft:dandelion":2,"ganjacraft:sativa_seed":1,"minecraft:stone_sword":1,"minecraft:stone_shovel":13,"minecraft:composter":1,"minecraft:stone_pickaxe":1},"minecraft:picked_up":{"minecraft:wheat":36,"ganjacraft:sativa_seed":107,"create:dolomite_cobblestone":194,"ganjacraft:hemp_stem":9,"ganjacraft:indica_seed":112,"minecraft:yellow_wool":5,"minecraft:brewing_stand":2,"mexicraft:yellow_dahlia":2,"create:water_wheel":10,"create:mechanical_press":2,"minecraft:melon_slice":22,"minecraft:furnace":1,"minecraft:stick":13,"create:dough":6,"minecraft:composter":1,"minecraft:oak_fence":30,"minecraft:torch":11,"create:andesite_casing":6,"tombstone:grave_dust":2,"mexicraft:purple_dahlia":5,"create:large_cogwheel":4,"minecraft:stone_sword":1,"minecraft:cactus":7,"minecraft:rotten_flesh":7,"minecraft:cobblestone":756,"minecraft:magma_block":4,"minecraft:feather":2,"minecraft:andesite":127,"minecraft:potato":657,"minecraft:flint":1184,"create:gabbro_cobblestone":132,"minecraft:dirt":4687,"constructionwand:iron_wand":1,"minecraft:light_gray_concrete_powder":3,"create:encased_chain_drive":7,"minecraft:bone":1,"mexicraft:orange_dahlia":20,"minecraft:glass":18,"minecraft:bow":1,"minecraft:wheat_seeds":190,"create:mechanical_drill":5,"minecraft:bell":1,"minecraft:grindstone":1,"create:shaft":4,"minecraft:fletching_table":1,"minecraft:oak_planks":65,"create:cogwheel":20,"minecraft:poisonous_potato":3,"minecraft:sand":44,"minecraft:yellow_carpet":2,"minecraft:light_gray_concrete":4,"minecraft:lever":1,"waystones:waystone":1,"minecraft:oak_sapling":62,"minecraft:netherrack":2,"mexicraft:salt":7,"create:white_sail":6,"iceandfire:dragon_skull_lightning":6,"minecraft:crafting_table":2,"minecraft:azure_bluet":5,"minecraft:ladder":2,"minecraft:gold_block":1,"minecraft:cornflower":18,"minecraft:red_bed":1,"create:chute":7,"create:basin":1,"minecraft:iron_nugget":645,"minecraft:poppy":4,"create:linear_chassis":1,"minecraft:egg":2,"iceandfire:dragonbone":72,"minecraft:stone":807,"minecraft:oak_door":3,"mexicraft:white_dahlia":3,"create:hand_crank":3,"minecraft:carrot":48,"create:vertical_gearbox":2,"minecraft:stone_shovel":16,"minecraft:hay_block":3,"minecraft:white_wool":9,"minecraft:oxeye_daisy":1,"minecraft:stripped_oak_log":5,"mexicraft:nopal":1,"create:iron_sheet":16,"minecraft:birch_leaves":6,"minecraft:oak_log":195,"scalinghealth:bandages":2,"minecraft:yellow_bed":3,"minecraft:gunpowder":2,"minecraft:cobblestone_wall":1,"tombstone:gift":1,"minecraft:orange_terracotta":1,"minecraft:apple":2,"mexicraft:red_dahlia":2,"minecraft:kelp":171,"minecraft:oak_fence_gate":1,"minecraft:iron_ingot":1,"minecraft:stone_pickaxe":1,"minecraft:iron_ore":69,"create:mechanical_saw":6,"create:mechanical_bearing":1,"ganjacraft:sativa_bud":4,"minecraft:stone_brick_slab":1,"minecraft:dandelion":8,"minecraft:gravel":816,"minecraft:white_bed":1,"minecraft:mossy_stone_brick_slab":2,"quark:oak_chest":14,"create:gearbox":2,"create:millstone":8,"create:encased_fan":8,"ganjacraft:indica_bud":18,"minecraft:terracotta":10,"tombstone:magic_scroll":1,"minecraft:coal":127}},"DataVersion":2586}