{"stats":{"minecraft:dropped":{"minecraft:yellow_carpet":1,"minecraft:stick":1,"minecraft:dirt":4},"minecraft:picked_up":{"minecraft:stripped_oak_log":1,"mexicraft:nopal":1,"minecraft:crafting_table":1,"ganjacraft:sativa_seed":1,"minecraft:wheat":1,"ganjacraft:indica_seed":2,"minecraft:potato":21,"minecraft:oak_log":191,"create:gabbro_cobblestone":5,"minecraft:yellow_bed":1,"minecraft:dirt":8,"minecraft:apple":2,"minecraft:wheat_seeds":11,"minecraft:oak_fence_gate":1,"minecraft:iron_ore":38,"minecraft:oak_planks":3,"minecraft:stick":11,"minecraft:oak_door":3,"minecraft:composter":1,"minecraft:oak_fence":28,"minecraft:torch":4,"minecraft:carrot":48,"minecraft:yellow_carpet":2,"minecraft:rotten_flesh":1,"minecraft:hay_block":3,"minecraft:oak_sapling":50,"mexicraft:salt":3,"minecraft:coal":27,"minecraft:cobblestone":24},"minecraft:killed":{"minecraft:zombie":1},"minecraft:broken":{"minecraft:stone_axe":1},"minecraft:mined":{"minecraft:glass_pane":1,"mexicraft:salt_ore":3,"minecraft:oak_fence":30,"minecraft:cornflower":1,"minecraft:torch":1,"minecraft:grass_block":2,"minecraft:yellow_carpet":3,"minecraft:tall_grass":2,"minecraft:cobblestone":1,"minecraft:oak_planks":3,"minecraft:composter":1,"minecraft:wall_torch":2,"minecraft:hay_block":3,"minecraft:carrots":21,"minecraft:iron_ore":38,"minecraft:wheat":9,"treechop:chopped_log":67,"minecraft:yellow_bed":1,"minecraft:grass_path":2,"minecraft:grass":8,"create:gabbro":5,"minecraft:oak_log":202,"minecraft:potatoes":6,"minecraft:coal_ore":27,"minecraft:oak_fence_gate":1,"minecraft:stripped_oak_log":1,"minecraft:stone":23,"minecraft:oak_leaves":1049},"minecraft:custom":{"lootr:looted_stat":2,"minecraft:mob_kills":1,"minecraft:interact_with_crafting_table":10,"minecraft:play_one_minute":74678,"minecraft:leave_game":3,"minecraft:time_since_death":74678,"minecraft:sleep_in_bed":5,"minecraft:time_since_rest":3578,"minecraft:sprint_one_cm":230015,"minecraft:damage_taken":572,"minecraft:walk_one_cm":166385,"minecraft:drop":3,"minecraft:damage_dealt":867,"minecraft:fly_one_cm":149857,"minecraft:open_chest":2,"minecraft:crouch_one_cm":165,"tombstone:undead_killed":1,"minecraft:sneak_time":746,"minecraft:jump":756,"minecraft:walk_on_water_one_cm":44,"minecraft:fall_one_cm":15375},"minecraft:used":{"minecraft:oak_fence":28,"minecraft:stone_sword":107,"minecraft:stone_pickaxe":81,"minecraft:oak_planks":7,"minecraft:wooden_pickaxe":23,"minecraft:stone_hoe":7,"minecraft:torch":2,"minecraft:dirt":4,"minecraft:crafting_table":1,"minecraft:oak_fence_gate":1,"minecraft:bread":10,"minecraft:stone_axe":139,"minecraft:yellow_bed":1,"quark:oak_chest":1,"minecraft:potato":33},"minecraft:crafted":{"minecraft:oak_planks":28,"minecraft:crafting_table":2,"minecraft:wooden_pickaxe":1,"blockarmor:oak_log_leggings":1,"blockarmor:oak_log_helmet":1,"minecraft:stone_axe":2,"minecraft:bread":9,"minecraft:stick":4,"quark:oak_chest":1,"blockarmor:oak_log_boots":1,"minecraft:stone_pickaxe":2,"minecraft:stone_sword":1,"blockarmor:oak_log_chestplate":1,"minecraft:stone_hoe":1,"minecraft:wheat":27}},"DataVersion":2586}