{"stats":{"minecraft:dropped":{"minecraft:composter":1,"tombstone:gift":2,"minecraft:yellow_carpet":1,"minecraft:stick":1,"minecraft:dirt":4,"tombstone:grave_dust":2},"minecraft:picked_up":{"minecraft:stripped_oak_log":1,"mexicraft:nopal":1,"minecraft:crafting_table":2,"ganjacraft:sativa_seed":1,"minecraft:wheat":1,"create:dolomite_cobblestone":13,"ganjacraft:indica_seed":2,"minecraft:potato":60,"minecraft:oak_log":191,"create:gabbro_cobblestone":9,"minecraft:yellow_bed":1,"minecraft:dirt":8,"tombstone:gift":1,"minecraft:apple":2,"minecraft:wheat_seeds":11,"minecraft:oak_fence_gate":1,"minecraft:iron_ore":38,"minecraft:oak_planks":12,"minecraft:stick":11,"minecraft:oak_door":3,"minecraft:composter":1,"minecraft:oak_fence":28,"minecraft:torch":4,"tombstone:grave_dust":2,"minecraft:carrot":48,"minecraft:yellow_carpet":2,"minecraft:rotten_flesh":3,"minecraft:hay_block":3,"minecraft:oak_sapling":50,"mexicraft:salt":3,"minecraft:coal":51,"minecraft:cobblestone":81},"minecraft:killed":{"minecraft:skeleton":1,"minecraft:zombie":1},"minecraft:killed_by":{"minecraft:skeleton":1,"minecraft:zombie":1},"minecraft:broken":{"minecraft:stone_pickaxe":1,"minecraft:stone_sword":1,"minecraft:stone_axe":1},"minecraft:mined":{"minecraft:glass_pane":2,"create:dolomite":11,"mexicraft:salt_ore":3,"minecraft:crafting_table":1,"minecraft:oak_fence":30,"minecraft:cornflower":1,"minecraft:torch":1,"minecraft:grass_block":2,"minecraft:yellow_carpet":3,"minecraft:tall_grass":6,"minecraft:cobblestone":1,"create:gabbro_cobblestone":4,"minecraft:oak_planks":13,"minecraft:composter":1,"minecraft:wall_torch":3,"minecraft:hay_block":3,"minecraft:carrots":21,"minecraft:iron_ore":38,"minecraft:wheat":9,"create:dolomite_cobblestone":2,"treechop:chopped_log":67,"minecraft:yellow_bed":1,"minecraft:grass_path":2,"minecraft:grass":13,"create:gabbro":5,"minecraft:oak_log":202,"minecraft:potatoes":29,"minecraft:coal_ore":51,"minecraft:oak_fence_gate":1,"minecraft:stripped_oak_log":1,"minecraft:stone":81,"minecraft:oak_leaves":1049},"minecraft:custom":{"lootr:looted_stat":2,"minecraft:mob_kills":2,"minecraft:interact_with_crafting_table":13,"minecraft:play_one_minute":98678,"minecraft:leave_game":3,"minecraft:time_since_death":18598,"minecraft:sleep_in_bed":6,"minecraft:time_since_rest":18470,"minecraft:sprint_one_cm":267216,"minecraft:damage_taken":1588,"minecraft:walk_one_cm":220942,"minecraft:drop":7,"minecraft:damage_dealt":1191,"minecraft:fly_one_cm":205993,"minecraft:open_chest":5,"minecraft:crouch_one_cm":173,"tombstone:undead_killed":2,"minecraft:deaths":2,"minecraft:sneak_time":772,"minecraft:jump":976,"minecraft:walk_on_water_one_cm":44,"minecraft:fall_one_cm":17047},"minecraft:used":{"minecraft:oak_fence":28,"minecraft:stone_sword":141,"minecraft:stone_pickaxe":185,"minecraft:oak_planks":9,"minecraft:wooden_pickaxe":23,"minecraft:stone_hoe":7,"minecraft:torch":4,"minecraft:dirt":4,"minecraft:crafting_table":3,"minecraft:oak_fence_gate":1,"minecraft:bread":11,"minecraft:stone_axe":187,"create:gabbro_cobblestone":6,"create:dolomite_cobblestone":6,"tombstone:gift":1,"minecraft:yellow_bed":1,"quark:oak_chest":3,"minecraft:potato":33},"minecraft:crafted":{"minecraft:oak_planks":36,"minecraft:crafting_table":2,"minecraft:wooden_pickaxe":1,"blockarmor:oak_log_leggings":1,"blockarmor:oak_log_helmet":1,"minecraft:stone_axe":2,"minecraft:bread":9,"minecraft:stick":8,"quark:oak_chest":3,"blockarmor:oak_log_boots":1,"minecraft:stone_pickaxe":2,"minecraft:stone_sword":2,"blockarmor:oak_log_chestplate":1,"minecraft:stone_hoe":1,"minecraft:wheat":27}},"DataVersion":2586}