{"stats":{"minecraft:custom":{"lootr:looted_stat":4,"minecraft:mob_kills":6,"minecraft:interact_with_crafting_table":94,"minecraft:leave_game":6,"minecraft:time_since_death":18077,"minecraft:climb_one_cm":734,"minecraft:sprint_one_cm":845953,"minecraft:walk_one_cm":938715,"minecraft:drop":395,"minecraft:deaths":14,"minecraft:sneak_time":1865,"minecraft:walk_under_water_one_cm":36663,"minecraft:jump":5596,"minecraft:walk_on_water_one_cm":8063,"minecraft:interact_with_furnace":41,"minecraft:play_one_minute":521608,"minecraft:sleep_in_bed":27,"minecraft:time_since_rest":17964,"minecraft:waystone_activated":4,"minecraft:damage_taken":6203,"minecraft:damage_dealt":1998,"minecraft:fly_one_cm":1466240,"minecraft:crouch_one_cm":993,"minecraft:open_chest":310,"tombstone:undead_killed":5,"minecraft:fall_one_cm":135366},"minecraft:used":{"minecraft:oak_fence":29,"additionalguns:m16a2":30,"minecraft:stone_sword":225,"minecraft:flint_and_steel":1,"minecraft:stone_shovel":474,"minecraft:mossy_stone_brick_slab":1,"minecraft:stone_hoe":55,"minecraft:netherrack":2,"minecraft:torch":20,"minecraft:dirt":168,"cgm:workbench":1,"securitycraft:keypad_item":1,"create:cogwheel":22,"minecraft:oak_fence_gate":1,"create:chute":8,"minecraft:stone_brick_slab":1,"minecraft:lava_bucket":10,"create:gearbox":1,"create:millstone":7,"create:shaft":4,"create:dolomite_cobblestone":51,"minecraft:furnace":3,"create:mechanical_drill":7,"tombstone:gift":1,"minecraft:potato":216,"minecraft:water_bucket":32,"minecraft:birch_leaves":1,"minecraft:stone_pickaxe":1008,"minecraft:baked_potato":35,"minecraft:oak_planks":9,"minecraft:wooden_pickaxe":23,"iceandfire:dragon_skull_lightning":1,"minecraft:terracotta":7,"create:encased_fan":4,"minecraft:crafting_table":3,"minecraft:shears":6,"waystones:waystone":1,"create:mechanical_press":1,"minecraft:iron_pickaxe":17,"minecraft:bread":14,"create:water_wheel":7,"minecraft:stone_axe":194,"minecraft:gravel":16,"minecraft:cobblestone":172,"create:gabbro_cobblestone":18,"minecraft:andesite":1,"minecraft:bucket":43,"minecraft:yellow_bed":2,"quark:oak_chest":23,"create:vertical_gearbox":2,"create:hand_crank":3,"minecraft:kelp":63,"create:large_cogwheel":3},"minecraft:killed_by":{"mutantbeasts:mutant_skeleton":2,"mexicraft:scorpion":1,"minecraft:skeleton":6,"minecraft:zombie":2},"minecraft:mined":{"create:millstone":7,"create:dolomite":167,"minecraft:mossy_stone_brick_slab":2,"mexicraft:salt_ore":8,"minecraft:brewing_stand":1,"minecraft:ladder":2,"minecraft:grass_block":261,"create:large_cogwheel":2,"minecraft:yellow_carpet":3,"create:encased_fan":4,"minecraft:composter":1,"minecraft:kelp":1,"minecraft:hay_block":3,"minecraft:magma_block":4,"create:shaft":3,"minecraft:furnace":1,"minecraft:carrots":21,"minecraft:iron_ore":66,"minecraft:fire":22,"minecraft:andesite":129,"create:dolomite_cobblestone":28,"treechop:chopped_log":67,"minecraft:azure_bluet":3,"minecraft:gold_block":1,"minecraft:potatoes":156,"create:chute":6,"minecraft:stripped_oak_log":1,"minecraft:stone":204,"create:mechanical_press":1,"mexicraft:white_dahlia":2,"create:cogwheel":12,"minecraft:glass_pane":2,"quark:oak_chest":7,"minecraft:orange_terracotta":1,"minecraft:stone_brick_slab":1,"minecraft:oak_fence":32,"minecraft:cornflower":1,"minecraft:crafting_table":1,"minecraft:torch":1,"minecraft:melon":5,"create:water_wheel":2,"minecraft:tall_grass":7,"minecraft:cobblestone":106,"create:gabbro_cobblestone":13,"minecraft:oak_planks":13,"minecraft:wall_torch":5,"minecraft:cactus":4,"create:gearbox":2,"minecraft:wheat":9,"minecraft:birch_leaves":7,"minecraft:grass_path":2,"minecraft:yellow_bed":2,"create:mechanical_drill":5,"minecraft:grass":89,"create:gabbro":105,"minecraft:oak_log":202,"minecraft:coal_ore":127,"minecraft:oak_fence_gate":1,"minecraft:gravel":14,"create:hand_crank":2,"minecraft:sand":48,"minecraft:dirt":237,"minecraft:terracotta":10,"minecraft:netherrack":4,"minecraft:oak_leaves":1049},"minecraft:broken":{"minecraft:stone_sword":1,"minecraft:stone_pickaxe":7,"minecraft:stone_axe":1,"minecraft:stone_shovel":3},"minecraft:killed":{"minecraft:skeleton":3,"minecraft:zombie":2},"minecraft:dropped":{"minecraft:iron_ingot":6,"minecraft:cobblestone":8,"minecraft:coal":3,"minecraft:yellow_carpet":1,"minecraft:stick":1,"minecraft:dirt":5,"tombstone:grave_dust":2,"minecraft:gold_ingot":1,"minecraft:gravel":5242,"minecraft:iron_nugget":6,"minecraft:stone_sword":1,"tombstone:gift":2,"minecraft:composter":1,"minecraft:oak_planks":32,"minecraft:stone_pickaxe":1,"minecraft:light_gray_concrete_powder":7},"minecraft:picked_up":{"iceandfire:dragon_skull_lightning":6,"minecraft:wheat":1,"minecraft:crafting_table":2,"ganjacraft:sativa_seed":19,"minecraft:azure_bluet":3,"create:dolomite_cobblestone":194,"minecraft:ladder":2,"ganjacraft:indica_seed":18,"minecraft:gold_block":1,"minecraft:brewing_stand":1,"mexicraft:yellow_dahlia":2,"create:chute":5,"create:water_wheel":3,"create:mechanical_press":1,"minecraft:iron_nugget":645,"minecraft:melon_slice":22,"minecraft:furnace":1,"minecraft:egg":1,"minecraft:stick":11,"iceandfire:dragonbone":72,"minecraft:stone":23,"minecraft:oak_door":3,"minecraft:composter":1,"minecraft:oak_fence":30,"minecraft:torch":7,"mexicraft:white_dahlia":2,"create:hand_crank":3,"tombstone:grave_dust":2,"minecraft:carrot":48,"create:vertical_gearbox":1,"create:large_cogwheel":2,"minecraft:stone_sword":1,"minecraft:cactus":7,"minecraft:rotten_flesh":4,"minecraft:hay_block":3,"minecraft:cobblestone":680,"minecraft:stripped_oak_log":1,"mexicraft:nopal":1,"minecraft:birch_leaves":6,"minecraft:magma_block":4,"create:iron_sheet":6,"minecraft:feather":1,"minecraft:andesite":127,"minecraft:potato":518,"minecraft:flint":1184,"minecraft:oak_log":191,"scalinghealth:bandages":2,"minecraft:yellow_bed":2,"create:gabbro_cobblestone":117,"minecraft:dirt":541,"tombstone:gift":1,"minecraft:light_gray_concrete_powder":3,"minecraft:orange_terracotta":1,"minecraft:bone":1,"minecraft:apple":2,"minecraft:kelp":3,"minecraft:bow":1,"minecraft:wheat_seeds":26,"create:mechanical_drill":5,"minecraft:stone_pickaxe":1,"minecraft:oak_fence_gate":1,"minecraft:iron_ore":66,"create:shaft":3,"minecraft:oak_planks":12,"create:cogwheel":12,"minecraft:stone_brick_slab":1,"minecraft:dandelion":2,"minecraft:poisonous_potato":2,"minecraft:gravel":794,"minecraft:sand":44,"minecraft:mossy_stone_brick_slab":2,"quark:oak_chest":7,"create:gearbox":1,"minecraft:light_gray_concrete":4,"create:millstone":7,"minecraft:yellow_carpet":2,"waystones:waystone":1,"create:encased_fan":4,"minecraft:terracotta":10,"tombstone:magic_scroll":1,"minecraft:oak_sapling":50,"minecraft:netherrack":2,"mexicraft:salt":7,"minecraft:coal":127},"minecraft:crafted":{"create:chute":4,"minecraft:light_gray_concrete_powder":8,"minecraft:oak_planks":320,"minecraft:stone_shovel":6,"minecraft:iron_nugget":63,"blockarmor:cobblestone_helmet":2,"minecraft:furnace":2,"create:andesite_casing":8,"blockarmor:oak_log_leggings":1,"minecraft:stone":28,"create:vertical_gearbox":1,"minecraft:iron_boots":1,"create:mechanical_press":1,"create:millstone":3,"minecraft:stone_pickaxe":10,"minecraft:oak_button":36,"create:basin":1,"minecraft:stone_hoe":1,"cgm:workbench":1,"create:cogwheel":16,"create:belt_connector":2,"create:windmill_bearing":1,"minecraft:wheat":27,"create:turntable":1,"minecraft:oak_slab":36,"create:andesite_alloy":34,"create:hand_crank":1,"blockarmor:cobblestone_boots":1,"minecraft:crafting_table":2,"minecraft:iron_helmet":1,"minecraft:dried_kelp":15,"minecraft:wooden_pickaxe":1,"minecraft:baked_potato":138,"minecraft:bucket":2,"blockarmor:oak_log_helmet":1,"minecraft:stone_axe":4,"minecraft:bread":9,"minecraft:air":0,"create:gearbox":1,"create:encased_fan":1,"minecraft:iron_chestplate":1,"blockarmor:cobblestone_chestplate":1,"create:water_wheel":4,"minecraft:white_dye":2,"minecraft:stick":48,"quark:oak_chest":16,"minecraft:iron_ingot":128,"minecraft:iron_pickaxe":1,"blockarmor:oak_log_boots":1,"minecraft:iron_block":1,"minecraft:stone_sword":4,"minecraft:gold_ingot":9,"minecraft:iron_leggings":1,"blockarmor:cobblestone_leggings":1,"create:large_cogwheel":6,"minecraft:light_gray_dye":3,"blockarmor:oak_log_chestplate":1,"create:propeller":1,"create:mechanical_drill":2,"create:shaft":8,"minecraft:torch":24,"minecraft:shears":1}},"DataVersion":2586}