{"stats":{"minecraft:picked_up":{"minecraft:stripped_oak_log":1,"minecraft:stick":10,"minecraft:crafting_table":1,"ganjacraft:indica_seed":1,"minecraft:potato":20,"minecraft:oak_log":191,"create:gabbro_cobblestone":5,"minecraft:carrot":16,"minecraft:dirt":2,"minecraft:rotten_flesh":1,"minecraft:yellow_carpet":1,"minecraft:apple":2,"minecraft:hay_block":3,"minecraft:iron_ore":13,"minecraft:oak_sapling":50,"minecraft:cobblestone":21},"minecraft:killed":{"minecraft:zombie":1},"minecraft:mined":{"minecraft:hay_block":3,"minecraft:carrots":4,"minecraft:iron_ore":13,"treechop:chopped_log":67,"minecraft:grass_path":2,"minecraft:cornflower":1,"minecraft:grass":4,"minecraft:potatoes":6,"minecraft:oak_log":202,"create:gabbro":5,"minecraft:yellow_carpet":3,"minecraft:stripped_oak_log":1,"minecraft:tall_grass":1,"minecraft:stone":21,"minecraft:oak_leaves":1049},"minecraft:custom":{"minecraft:time_since_rest":10840,"lootr:looted_stat":2,"minecraft:sprint_one_cm":119369,"minecraft:damage_taken":272,"minecraft:walk_one_cm":65561,"minecraft:mob_kills":1,"minecraft:damage_dealt":393,"minecraft:interact_with_crafting_table":4,"minecraft:fly_one_cm":35143,"minecraft:play_one_minute":38678,"tombstone:undead_killed":1,"minecraft:sneak_time":9,"minecraft:jump":242,"minecraft:leave_game":3,"minecraft:time_since_death":38678,"minecraft:sleep_in_bed":3,"minecraft:fall_one_cm":4695},"minecraft:used":{"minecraft:stone_sword":53,"minecraft:bread":4,"minecraft:stone_pickaxe":19,"minecraft:wooden_pickaxe":23,"minecraft:stone_axe":71,"minecraft:crafting_table":1,"minecraft:potato":1},"minecraft:crafted":{"minecraft:oak_planks":16,"minecraft:crafting_table":1,"minecraft:stick":4,"minecraft:wooden_pickaxe":1,"minecraft:stone_pickaxe":1,"minecraft:stone_sword":1,"minecraft:stone_axe":1}},"DataVersion":2586}