{"stats":{"minecraft:used":{"minecraft:oak_fence":29,"minecraft:stone_sword":181,"minecraft:stone_shovel":237,"minecraft:stone_hoe":55,"minecraft:netherrack":2,"minecraft:torch":18,"minecraft:dirt":125,"create:cogwheel":19,"minecraft:oak_fence_gate":1,"create:chute":6,"minecraft:lava_bucket":10,"create:gearbox":1,"create:millstone":7,"create:shaft":4,"create:mechanical_drill":7,"minecraft:furnace":3,"create:dolomite_cobblestone":35,"tombstone:gift":1,"minecraft:potato":168,"minecraft:water_bucket":22,"minecraft:birch_leaves":1,"minecraft:stone_pickaxe":807,"minecraft:baked_potato":15,"minecraft:oak_planks":9,"minecraft:wooden_pickaxe":23,"create:encased_fan":4,"minecraft:crafting_table":3,"minecraft:shears":6,"create:mechanical_press":1,"minecraft:bread":14,"create:water_wheel":7,"minecraft:gravel":4,"minecraft:stone_axe":191,"minecraft:cobblestone":135,"create:gabbro_cobblestone":6,"minecraft:andesite":1,"minecraft:bucket":32,"minecraft:yellow_bed":2,"quark:oak_chest":11,"create:hand_crank":3,"create:vertical_gearbox":2,"create:large_cogwheel":3},"minecraft:killed":{"minecraft:skeleton":1,"minecraft:zombie":1},"minecraft:mined":{"create:millstone":5,"create:dolomite":165,"mexicraft:salt_ore":6,"minecraft:brewing_stand":1,"minecraft:ladder":2,"minecraft:grass_block":188,"create:large_cogwheel":1,"minecraft:yellow_carpet":3,"create:encased_fan":3,"minecraft:composter":1,"minecraft:hay_block":3,"minecraft:magma_block":4,"create:shaft":2,"minecraft:furnace":1,"minecraft:carrots":21,"minecraft:iron_ore":58,"minecraft:andesite":129,"create:dolomite_cobblestone":12,"treechop:chopped_log":67,"minecraft:potatoes":108,"create:chute":4,"minecraft:stripped_oak_log":1,"minecraft:stone":199,"create:mechanical_press":1,"create:cogwheel":9,"minecraft:glass_pane":2,"quark:oak_chest":4,"minecraft:crafting_table":1,"minecraft:oak_fence":31,"minecraft:cornflower":1,"minecraft:torch":1,"create:water_wheel":2,"minecraft:tall_grass":6,"minecraft:cobblestone":87,"create:gabbro_cobblestone":4,"minecraft:oak_planks":13,"minecraft:wall_torch":5,"minecraft:cactus":4,"create:gearbox":2,"minecraft:wheat":9,"minecraft:birch_leaves":7,"minecraft:grass_path":2,"minecraft:yellow_bed":2,"create:mechanical_drill":5,"minecraft:grass":78,"minecraft:oak_log":202,"minecraft:coal_ore":102,"create:gabbro":5,"minecraft:oak_fence_gate":1,"create:hand_crank":2,"minecraft:gravel":4,"minecraft:dirt":112,"minecraft:netherrack":4,"minecraft:oak_leaves":1049},"minecraft:picked_up":{"minecraft:wheat":1,"minecraft:crafting_table":2,"ganjacraft:sativa_seed":17,"create:dolomite_cobblestone":176,"minecraft:ladder":2,"ganjacraft:indica_seed":14,"minecraft:brewing_stand":1,"mexicraft:yellow_dahlia":2,"create:chute":3,"create:water_wheel":3,"create:mechanical_press":1,"minecraft:iron_nugget":77,"minecraft:egg":1,"minecraft:furnace":1,"minecraft:stick":11,"minecraft:stone":23,"minecraft:oak_door":3,"minecraft:composter":1,"minecraft:oak_fence":29,"minecraft:torch":7,"tombstone:grave_dust":2,"create:hand_crank":3,"minecraft:carrot":48,"create:vertical_gearbox":1,"create:large_cogwheel":1,"minecraft:cactus":7,"minecraft:rotten_flesh":3,"minecraft:hay_block":3,"minecraft:cobblestone":451,"minecraft:stripped_oak_log":1,"mexicraft:nopal":1,"minecraft:magma_block":4,"minecraft:birch_leaves":6,"create:iron_sheet":6,"minecraft:andesite":127,"minecraft:potato":339,"minecraft:flint":161,"minecraft:oak_log":191,"create:gabbro_cobblestone":9,"minecraft:yellow_bed":2,"minecraft:dirt":291,"tombstone:gift":1,"minecraft:apple":2,"minecraft:wheat_seeds":24,"create:mechanical_drill":5,"minecraft:oak_fence_gate":1,"minecraft:iron_ore":58,"create:shaft":2,"minecraft:oak_planks":12,"create:cogwheel":9,"minecraft:dandelion":2,"minecraft:gravel":150,"quark:oak_chest":4,"create:gearbox":1,"create:millstone":5,"minecraft:yellow_carpet":2,"create:encased_fan":3,"minecraft:oak_sapling":50,"minecraft:netherrack":2,"mexicraft:salt":6,"minecraft:coal":102},"minecraft:custom":{"lootr:looted_stat":3,"minecraft:mob_kills":2,"minecraft:interact_with_crafting_table":73,"minecraft:leave_game":4,"minecraft:time_since_death":1187,"minecraft:climb_one_cm":734,"minecraft:sprint_one_cm":503521,"minecraft:walk_one_cm":632299,"minecraft:drop":129,"minecraft:deaths":5,"minecraft:sneak_time":1059,"minecraft:walk_under_water_one_cm":1970,"minecraft:jump":2942,"minecraft:walk_on_water_one_cm":4265,"minecraft:interact_with_furnace":34,"minecraft:play_one_minute":329481,"minecraft:sleep_in_bed":17,"minecraft:time_since_rest":1,"minecraft:damage_taken":2840,"minecraft:damage_dealt":1409,"minecraft:fly_one_cm":699968,"minecraft:open_chest":150,"minecraft:crouch_one_cm":284,"tombstone:undead_killed":2,"minecraft:fall_one_cm":66113},"minecraft:dropped":{"minecraft:iron_ingot":6,"minecraft:cobblestone":8,"minecraft:yellow_carpet":1,"minecraft:stick":1,"minecraft:dirt":4,"tombstone:grave_dust":2,"minecraft:gravel":594,"minecraft:iron_nugget":6,"minecraft:composter":1,"tombstone:gift":2,"minecraft:oak_planks":32},"minecraft:crafted":{"create:chute":4,"minecraft:oak_planks":288,"minecraft:stone_shovel":4,"minecraft:iron_nugget":63,"minecraft:furnace":2,"create:andesite_casing":8,"blockarmor:oak_log_leggings":1,"minecraft:stone":28,"create:vertical_gearbox":1,"minecraft:iron_boots":1,"create:mechanical_press":1,"create:millstone":3,"minecraft:stone_pickaxe":8,"minecraft:oak_button":36,"create:basin":1,"minecraft:stone_hoe":1,"create:cogwheel":16,"minecraft:wheat":27,"minecraft:oak_slab":36,"create:andesite_alloy":34,"create:hand_crank":1,"minecraft:crafting_table":2,"minecraft:wooden_pickaxe":1,"minecraft:baked_potato":69,"minecraft:iron_helmet":1,"minecraft:bucket":2,"blockarmor:oak_log_helmet":1,"minecraft:stone_axe":3,"minecraft:bread":9,"minecraft:air":0,"create:gearbox":1,"create:encased_fan":1,"minecraft:iron_chestplate":1,"create:water_wheel":4,"minecraft:stick":32,"quark:oak_chest":7,"minecraft:iron_ingot":65,"blockarmor:oak_log_boots":1,"minecraft:stone_sword":3,"minecraft:iron_block":1,"minecraft:iron_leggings":1,"create:large_cogwheel":6,"blockarmor:oak_log_chestplate":1,"create:propeller":1,"create:mechanical_drill":2,"create:shaft":8,"minecraft:torch":16,"minecraft:shears":1},"minecraft:killed_by":{"mexicraft:scorpion":1,"mutantbeasts:mutant_skeleton":2,"minecraft:skeleton":1,"minecraft:zombie":1},"minecraft:broken":{"minecraft:stone_sword":1,"minecraft:stone_pickaxe":5,"minecraft:stone_axe":1,"minecraft:stone_shovel":1}},"DataVersion":2586}