{"stats":{"minecraft:picked_up":{"minecraft:stripped_oak_log":1,"minecraft:stick":10,"minecraft:crafting_table":1,"ganjacraft:indica_seed":1,"minecraft:potato":20,"minecraft:oak_log":191,"minecraft:carrot":16,"minecraft:yellow_carpet":1,"minecraft:apple":2,"minecraft:oak_sapling":50,"minecraft:cobblestone":21},"minecraft:mined":{"minecraft:carrots":4,"treechop:chopped_log":67,"minecraft:cornflower":1,"minecraft:grass":3,"minecraft:potatoes":6,"minecraft:oak_log":202,"minecraft:yellow_carpet":3,"minecraft:stripped_oak_log":1,"minecraft:tall_grass":1,"minecraft:stone":21,"minecraft:oak_leaves":1049},"minecraft:custom":{"minecraft:time_since_rest":0,"lootr:looted_stat":2,"minecraft:sprint_one_cm":97998,"minecraft:damage_taken":30,"minecraft:walk_one_cm":39914,"minecraft:damage_dealt":61,"minecraft:interact_with_crafting_table":3,"minecraft:fly_one_cm":28946,"minecraft:play_one_minute":26678,"minecraft:sneak_time":9,"minecraft:jump":148,"minecraft:leave_game":3,"minecraft:time_since_death":26678,"minecraft:sleep_in_bed":3,"minecraft:fall_one_cm":2634},"minecraft:used":{"minecraft:stone_sword":13,"minecraft:bread":2,"minecraft:wooden_pickaxe":21,"minecraft:stone_axe":71,"minecraft:crafting_table":1,"minecraft:potato":1},"minecraft:crafted":{"minecraft:oak_planks":16,"minecraft:crafting_table":1,"minecraft:stick":4,"minecraft:wooden_pickaxe":1,"minecraft:stone_sword":1,"minecraft:stone_axe":1}},"DataVersion":2586}