{"stats":{"minecraft:picked_up":{"minecraft:stripped_oak_log":1,"mexicraft:nopal":1,"minecraft:stick":10,"minecraft:crafting_table":1,"ganjacraft:sativa_seed":1,"ganjacraft:indica_seed":2,"minecraft:potato":20,"minecraft:oak_log":191,"create:gabbro_cobblestone":5,"minecraft:carrot":16,"minecraft:dirt":3,"minecraft:rotten_flesh":1,"minecraft:yellow_carpet":1,"minecraft:apple":2,"minecraft:hay_block":3,"minecraft:iron_ore":35,"minecraft:oak_sapling":50,"minecraft:coal":10,"minecraft:cobblestone":22},"minecraft:killed":{"minecraft:zombie":1},"minecraft:mined":{"minecraft:hay_block":3,"minecraft:glass_pane":1,"minecraft:carrots":4,"minecraft:iron_ore":35,"treechop:chopped_log":67,"minecraft:grass_path":2,"minecraft:cornflower":1,"minecraft:grass":7,"minecraft:grass_block":1,"minecraft:coal_ore":10,"minecraft:potatoes":6,"minecraft:oak_log":202,"create:gabbro":5,"minecraft:yellow_carpet":3,"minecraft:stripped_oak_log":1,"minecraft:tall_grass":2,"minecraft:cobblestone":1,"minecraft:stone":21,"minecraft:oak_leaves":1049},"minecraft:custom":{"minecraft:time_since_rest":22840,"lootr:looted_stat":2,"minecraft:sprint_one_cm":141524,"minecraft:damage_taken":322,"minecraft:walk_one_cm":106971,"minecraft:mob_kills":1,"minecraft:damage_dealt":712,"minecraft:interact_with_crafting_table":5,"minecraft:fly_one_cm":46509,"minecraft:play_one_minute":50678,"tombstone:undead_killed":1,"minecraft:sneak_time":77,"minecraft:jump":347,"minecraft:leave_game":3,"minecraft:time_since_death":50678,"minecraft:sleep_in_bed":3,"minecraft:fall_one_cm":6951},"minecraft:used":{"minecraft:stone_sword":79,"minecraft:bread":5,"minecraft:stone_pickaxe":54,"minecraft:wooden_pickaxe":23,"minecraft:stone_axe":102,"minecraft:crafting_table":1,"minecraft:potato":1},"minecraft:crafted":{"minecraft:oak_planks":16,"minecraft:crafting_table":1,"minecraft:stick":4,"blockarmor:oak_log_boots":1,"minecraft:wooden_pickaxe":1,"minecraft:stone_pickaxe":1,"minecraft:stone_sword":1,"blockarmor:oak_log_chestplate":1,"blockarmor:oak_log_leggings":1,"blockarmor:oak_log_helmet":1,"minecraft:stone_axe":1}},"DataVersion":2586}