{
  "securitycraft:recipes/securitycraft/universal_block_remover": {
    "criteria": {
      "has_iron": "2024-08-26 02:21:28 +0000"
    },
    "done": true
  },
  "scalinghealth:recipes/scalinghealth/power_crystal": {
    "criteria": {
      "cobblestone": "2024-08-26 02:21:28 +0000"
    },
    "done": true
  },
  "minecraft:recipes/redstone/lever": {
    "criteria": {
      "has_cobblestone": "2024-08-26 02:21:28 +0000"
    },
    "done": true
  },
  "tac:recipes/tac/medium_steel_armor": {
    "criteria": {
      "has_iron": "2024-08-26 02:26:48 +0000"
    },
    "done": true
  },
  "minecraft:recipes/combat/iron_sword": {
    "criteria": {
      "has_iron_ingot": "2024-08-26 02:21:28 +0000"
    },
    "done": true
  },
  "securitycraft:recipes/securitycraft/reinforced_andesite_with_vanilla_diorite": {
    "criteria": {
      "has_cobblestone": "2024-08-26 02:21:28 +0000"
    },
    "done": true
  },
  "additionalguns:recipes/additionalguns/unica": {
    "criteria": {
      "has_planks": "2024-08-26 02:21:28 +0000"
    },
    "done": true
  },
  "additionalguns:recipes/additionalguns/akm": {
    "criteria": {
      "has_planks": "2024-08-26 02:21:28 +0000"
    },
    "done": true
  },
  "securitycraft:recipes/securitycraft/sentry": {
    "criteria": {
      "has_iron": "2024-08-26 02:21:28 +0000"
    },
    "done": true
  },
  "minecraft:recipes/tools/iron_pickaxe": {
    "criteria": {
      "has_iron_ingot": "2024-08-26 02:21:28 +0000"
    },
    "done": true
  },
  "cfm:recipes/cfm/stripped_birch_kitchen_sink_light": {
    "criteria": {
      "has_bucket": "2024-08-26 02:21:28 +0000"
    },
    "done": true
  },
  "minecraft:recipes/decorations/crafting_table": {
    "criteria": {
      "has_planks": "2024-08-26 02:21:28 +0000"
    },
    "done": true
  },
  "additionalguns:recipes/additionalguns/usp": {
    "criteria": {
      "has_iron_ingot": "2024-08-26 02:21:28 +0000"
    },
    "done": true
  },
  "additionalguns:recipes/additionalguns/ak74": {
    "criteria": {
      "has_planks": "2024-08-26 02:21:28 +0000"
    },
    "done": true
  },
  "minecraft:recipes/decorations/ladder": {
    "criteria": {
      "has_stick": "2024-08-26 02:37:08 +0000"
    },
    "done": true
  },
  "iceandfire:iceandfire/root": {
    "criteria": {
      "tick": "2024-08-26 02:21:29 +0000"
    },
    "done": true
  },
  "farmersdelight:recipes/farmersdelight/pie_crust": {
    "criteria": {
      "has_wheat": "2024-08-26 02:21:28 +0000"
    },
    "done": true
  },
  "minecraft:recipes/decorations/chest": {
    "criteria": {
      "has_lots_of_items": "2024-08-26 02:21:28 +0000"
    },
    "done": true
  },
  "minecraft:recipes/tools/wooden_shovel": {
    "criteria": {
      "has_stick": "2024-08-26 02:37:08 +0000"
    },
    "done": true
  },
  "mcwdoors:recipes/dark_oak": {
    "criteria": {
      "has_wood": "2024-08-26 02:21:28 +0000"
    },
    "done": true
  },
  "minecraft:recipes/decorations/torch": {
    "criteria": {
      "has_stone_pickaxe": "2024-08-26 02:37:16 +0000"
    },
    "done": true
  },
  "minecraft:recipes/tools/shears": {
    "criteria": {
      "has_iron_ingot": "2024-08-26 02:21:28 +0000"
    },
    "done": true
  },
  "minecraft:recipes/misc/stick": {
    "criteria": {
      "has_planks": "2024-08-26 02:21:28 +0000"
    },
    "done": true
  },
  "mcwdoors:recipes/spruce": {
    "criteria": {
      "has_wood": "2024-08-26 02:21:28 +0000"
    },
    "done": true
  },
  "cfm:recipes/cfm/brown_grill": {
    "criteria": {
      "has_iron": "2024-08-26 02:21:28 +0000"
    },
    "done": true
  },
  "cfm:recipes/cfm/green_grill": {
    "criteria": {
      "has_iron": "2024-08-26 02:21:28 +0000"
    },
    "done": true
  },
  "spartanweaponry:recipes/spartanweaponry.basic/parrying_dagger_wood": {
    "criteria": {
      "has_wood": "2024-08-26 02:21:28 +0000"
    },
    "done": true
  },
  "cfm:recipes/cfm/crimson_kitchen_sink_light": {
    "criteria": {
      "has_bucket": "2024-08-26 02:21:28 +0000"
    },
    "done": true
  },
  "securitycraft:recipes/securitycraft/electrified_iron_fence": {
    "criteria": {
      "has_iron": "2024-08-26 02:21:28 +0000"
    },
    "done": true
  },
  "cfm:recipes/cfm/stripped_jungle_kitchen_sink_dark": {
    "criteria": {
      "has_bucket": "2024-08-26 02:21:28 +0000"
    },
    "done": true
  },
  "securitycraft:recipes/securitycraft/reinforced_dark_oak_fence_gate": {
    "criteria": {
      "has_stick": "2024-08-26 02:37:08 +0000"
    },
    "done": true
  },
  "securitycraft:recipes/securitycraft/reinforced_andesite_with_vanilla_cobblestone": {
    "criteria": {
      "has_cobblestone": "2024-08-26 02:21:28 +0000"
    },
    "done": true
  },
  "spartanweaponry:recipes/spartanweaponry.basic/flanged_mace_iron": {
    "criteria": {
      "has_iron_ingot": "2024-08-26 02:21:28 +0000"
    },
    "done": true
  },
  "minecraft:recipes/combat/iron_leggings": {
    "criteria": {
      "has_iron_ingot": "2024-08-26 02:21:28 +0000"
    },
    "done": true
  },
  "minecraft:recipes/combat/shield": {
    "criteria": {
      "has_iron_ingot": "2024-08-26 02:21:28 +0000"
    },
    "done": true
  },
  "cfm:recipes/cfm/gray_kitchen_sink": {
    "criteria": {
      "has_bucket": "2024-08-26 02:21:28 +0000"
    },
    "done": true
  },
  "minecraft:recipes/building_blocks/cobblestone_slab": {
    "criteria": {
      "has_cobblestone": "2024-08-26 02:21:28 +0000"
    },
    "done": true
  },
  "cfm:recipes/cfm/oak_bedside_cabinet": {
    "criteria": {
      "has_log": "2024-08-26 02:21:28 +0000"
    },
    "done": true
  },
  "minecraft:recipes/redstone/hopper": {
    "criteria": {
      "has_iron_ingot": "2024-08-26 02:21:28 +0000"
    },
    "done": true
  },
  "spartanweaponry:recipes/spartanweaponry.basic/javelin_stone": {
    "criteria": {
      "has_cobblestone": "2024-08-26 02:21:28 +0000"
    },
    "done": true
  },
  "spartanweaponry:recipes/spartanweaponry.basic/saber_iron": {
    "criteria": {
      "has_iron_ingot": "2024-08-26 02:21:28 +0000"
    },
    "done": true
  },
  "cfm:recipes/cfm/orange_grill": {
    "criteria": {
      "has_iron": "2024-08-26 02:21:28 +0000"
    },
    "done": true
  },
  "mutantbeasts:root": {
    "criteria": {
      "killed_something": "2024-08-26 02:36:05 +0000"
    },
    "done": true
  },
  "cfm:recipes/cfm/diving_board": {
    "criteria": {
      "has_wheat": "2024-08-26 02:21:28 +0000"
    },
    "done": true
  },
  "securitycraft:recipes/securitycraft/reinforced_spruce_fence_gate": {
    "criteria": {
      "has_stick": "2024-08-26 02:37:08 +0000"
    },
    "done": true
  },
  "biomesoplenty:recipes/transportation/cherry_boat": {
    "criteria": {
      "in_water": "2024-08-26 02:34:26 +0000"
    },
    "done": true
  },
  "biomesoplenty:recipes/transportation/fir_boat": {
    "criteria": {
      "in_water": "2024-08-26 02:34:26 +0000"
    },
    "done": true
  },
  "cfm:recipes/cfm/blue_grill": {
    "criteria": {
      "has_iron": "2024-08-26 02:21:28 +0000"
    },
    "done": true
  },
  "cfm:recipes/cfm/black_kitchen_sink": {
    "criteria": {
      "has_bucket": "2024-08-26 02:21:28 +0000"
    },
    "done": true
  },
  "cfm:recipes/cfm/jungle_kitchen_sink_light": {
    "criteria": {
      "has_bucket": "2024-08-26 02:21:28 +0000"
    },
    "done": true
  },
  "securitycraft:recipes/securitycraft/security_camera": {
    "criteria": {
      "has_iron": "2024-08-26 02:21:28 +0000"
    },
    "done": true
  },
  "sophisticatedbackpacks:recipes/sophisticatedbackpacks/blasting_upgrade": {
    "criteria": {
      "has_upgrade_base": "2024-08-26 02:21:28 +0000"
    },
    "done": true
  },
  "securitycraft:recipes/securitycraft/door_indestructible_iron_item": {
    "criteria": {
      "has_iron": "2024-08-26 02:21:28 +0000"
    },
    "done": true
  },
  "sophisticatedbackpacks:recipes/sophisticatedbackpacks/auto_smoking_upgrade": {
    "criteria": {
      "has_smoking_upgrade": "2024-08-26 02:21:28 +0000"
    },
    "done": true
  },
  "cfm:recipes/cfm/spruce_kitchen_sink_dark": {
    "criteria": {
      "has_bucket": "2024-08-26 02:21:28 +0000"
    },
    "done": true
  },
  "cfm:recipes/cfm/purple_grill": {
    "criteria": {
      "has_iron": "2024-08-26 02:21:28 +0000"
    },
    "done": true
  },
  "spartanweaponry:recipes/spartanweaponry.basic/tomahawk_wood": {
    "criteria": {
      "has_wood": "2024-08-26 02:21:28 +0000"
    },
    "done": true
  },
  "minecraft:recipes/decorations/iron_bars": {
    "criteria": {
      "has_iron_ingot": "2024-08-26 02:21:28 +0000"
    },
    "done": true
  },
  "cfm:recipes/cfm/dark_oak_kitchen_sink_dark": {
    "criteria": {
      "has_bucket": "2024-08-26 02:21:28 +0000"
    },
    "done": true
  },
  "securitycraft:recipes/securitycraft/reinforced_crimson_fence_gate": {
    "criteria": {
      "has_stick": "2024-08-26 02:37:08 +0000"
    },
    "done": true
  },
  "cfm:recipes/cfm/purple_kitchen_sink": {
    "criteria": {
      "has_bucket": "2024-08-26 02:21:28 +0000"
    },
    "done": true
  },
  "additionalguns:recipes/additionalguns/aks74u": {
    "criteria": {
      "has_planks": "2024-08-26 02:21:28 +0000"
    },
    "done": true
  },
  "minecraft:story/obtain_armor": {
    "criteria": {
      "iron_chestplate": "2024-08-26 02:27:57 +0000"
    },
    "done": true
  },
  "corail_recycler:recipes/netherite_disk": {
    "criteria": {
      "requirement_2": "2024-08-26 02:21:28 +0000"
    },
    "done": false
  },
  "spartanweaponry:recipes/spartanweaponry.basic/dagger_wood": {
    "criteria": {
      "has_wood": "2024-08-26 02:21:28 +0000"
    },
    "done": true
  },
  "corail_recycler:recipes/steel_disk": {
    "criteria": {
      "requirement_2": "2024-08-26 02:21:28 +0000"
    },
    "done": false
  },
  "biomesoplenty:biomesoplenty/all_biomes": {
    "criteria": {
      "shroomy_wetland": "2024-08-26 02:33:22 +0000",
      "highland": "2024-08-26 02:36:36 +0000",
      "wasteland": "2024-08-26 02:33:08 +0000"
    },
    "done": false
  },
  "cfm:recipes/cfm/dark_oak_kitchen_sink_light": {
    "criteria": {
      "has_bucket": "2024-08-26 02:21:28 +0000"
    },
    "done": true
  },
  "securitycraft:recipes/securitycraft/reinforced_jungle_fence": {
    "criteria": {
      "has_stick": "2024-08-26 02:37:08 +0000"
    },
    "done": true
  },
  "minecraft:adventure/sleep_in_bed": {
    "criteria": {
      "slept_in_bed": "2024-08-26 02:24:10 +0000"
    },
    "done": true
  },
  "spartanweaponry:recipes/spartanweaponry.basic/club_wood": {
    "criteria": {
      "has_wood_log": "2024-08-26 02:21:28 +0000"
    },
    "done": true
  },
  "spartanweaponry:recipes/spartanweaponry.basic/glaive_stone": {
    "criteria": {
      "has_cobblestone": "2024-08-26 02:21:28 +0000"
    },
    "done": true
  },
  "additionalguns:recipes/additionalguns/ace_of_spades": {
    "criteria": {
      "has_iron_ingot": "2024-08-26 02:21:28 +0000"
    },
    "done": true
  },
  "minecraft:recipes/building_blocks/cobblestone_slab_from_cobblestone_stonecutting": {
    "criteria": {
      "has_cobblestone": "2024-08-26 02:21:28 +0000"
    },
    "done": true
  },
  "sophisticatedbackpacks:recipes/sophisticatedbackpacks/smoking_upgrade_from_smelting_upgrade": {
    "criteria": {
      "has_smelting_upgrade": "2024-08-26 02:21:28 +0000"
    },
    "done": true
  },
  "spartanweaponry:recipes/spartanweaponry.basic/spear_wood": {
    "criteria": {
      "has_wood": "2024-08-26 02:21:28 +0000"
    },
    "done": true
  },
  "minecraft:recipes/building_blocks/oak_stairs": {
    "criteria": {
      "has_planks": "2024-08-26 02:21:28 +0000"
    },
    "done": true
  },
  "cfm:recipes/cfm/oak_kitchen_drawer": {
    "criteria": {
      "has_log": "2024-08-26 02:21:28 +0000"
    },
    "done": true
  },
  "spartanweaponry:recipes/spartanweaponry.basic/rapier_stone": {
    "criteria": {
      "has_cobblestone": "2024-08-26 02:21:28 +0000"
    },
    "done": true
  },
  "cfm:recipes/cfm/stripped_oak_coffee_table": {
    "criteria": {
      "has_planks": "2024-08-26 02:21:28 +0000"
    },
    "done": true
  },
  "cfm:recipes/cfm/stripped_oak_cabinet": {
    "criteria": {
      "has_log": "2024-08-26 02:21:28 +0000"
    },
    "done": true
  },
  "minecraft:recipes/transportation/acacia_boat": {
    "criteria": {
      "in_water": "2024-08-26 02:34:26 +0000"
    },
    "done": true
  },
  "minecraft:recipes/redstone/iron_trapdoor": {
    "criteria": {
      "has_iron_ingot": "2024-08-26 02:21:28 +0000"
    },
    "done": true
  },
  "farmersdelight:recipes/farmersdelight/cutting_board": {
    "criteria": {
      "has_stick": "2024-08-26 02:37:08 +0000"
    },
    "done": true
  },
  "sophisticatedbackpacks:recipes/sophisticatedbackpacks/auto_blasting_upgrade_from_auto_smelting_upgrade": {
    "criteria": {
      "has_auto_smelting_upgrade": "2024-08-26 02:21:28 +0000"
    },
    "done": true
  },
  "spartanweaponry:recipes/spartanweaponry.basic/handle_from_leather": {
    "criteria": {
      "has_stick": "2024-08-26 02:37:08 +0000"
    },
    "done": true
  },
  "minecraft:adventure/root": {
    "criteria": {
      "killed_something": "2024-08-26 02:36:05 +0000"
    },
    "done": true
  },
  "additionalguns:recipes/additionalguns/m1911": {
    "criteria": {
      "has_iron_ingot": "2024-08-26 02:21:28 +0000"
    },
    "done": true
  },
  "additionalguns:recipes/additionalguns/ak74m": {
    "criteria": {
      "has_iron_ingot": "2024-08-26 02:21:28 +0000"
    },
    "done": true
  },
  "securitycraft:recipes/securitycraft/storage_module": {
    "criteria": {
      "has_iron": "2024-08-26 02:21:28 +0000"
    },
    "done": true
  },
  "cfm:recipes/cfm/stripped_oak_desk_cabinet": {
    "criteria": {
      "has_planks": "2024-08-26 02:21:28 +0000"
    },
    "done": true
  },
  "cfm:recipes/cfm/acacia_kitchen_sink_dark": {
    "criteria": {
      "has_bucket": "2024-08-26 02:21:28 +0000"
    },
    "done": true
  },
  "cfm:recipes/cfm/stripped_spruce_kitchen_sink_light": {
    "criteria": {
      "has_bucket": "2024-08-26 02:21:28 +0000"
    },
    "done": true
  },
  "farmersdelight:recipes/farmersdelight/cooking_pot": {
    "criteria": {
      "has_iron_ingot": "2024-08-26 02:21:28 +0000"
    },
    "done": true
  },
  "spartanweaponry:recipes/spartanweaponry.basic/pike_iron": {
    "criteria": {
      "has_iron_ingot": "2024-08-26 02:21:28 +0000"
    },
    "done": true
  },
  "additionalguns:recipes/additionalguns/9a91": {
    "criteria": {
      "has_iron_ingot": "2024-08-26 02:21:28 +0000"
    },
    "done": true
  },
  "minecraft:recipes/misc/iron_nugget_from_smelting": {
    "criteria": {
      "has_iron_pickaxe": "2024-08-26 02:23:27 +0000"
    },
    "done": true
  },
  "mca:recipes/misc/family_tree": {
    "criteria": {
      "has_item": "2024-08-26 02:21:28 +0000"
    },
    "done": true
  },
  "mca:root": {
    "criteria": {
      "village_taiga": "2024-08-26 02:21:28 +0000",
      "village_savanna": "2024-08-26 02:21:28 +0000",
      "village_snowy": "2024-08-26 02:21:28 +0000",
      "village_desert": "2024-08-26 02:21:28 +0000",
      "village_plains": "2024-08-26 02:21:28 +0000"
    },
    "done": true
  },
  "spartanweaponry:recipes/spartanweaponry.basic/lance_iron": {
    "criteria": {
      "has_iron_ingot": "2024-08-26 02:21:28 +0000"
    },
    "done": true
  },
  "cfm:recipes/cfm/blue_kitchen_sink": {
    "criteria": {
      "has_bucket": "2024-08-26 02:21:28 +0000"
    },
    "done": true
  },
  "spartanweaponry:recipes/spartanweaponry.basic/javelin_iron": {
    "criteria": {
      "has_iron_ingot": "2024-08-26 02:21:28 +0000"
    },
    "done": true
  },
  "additionalguns:recipes/additionalguns/angled_grip": {
    "criteria": {
      "has_iron_ingot": "2024-08-26 02:21:28 +0000"
    },
    "done": true
  },
  "cfm:recipes/cfm/pink_grill": {
    "criteria": {
      "has_iron": "2024-08-26 02:21:28 +0000"
    },
    "done": true
  },
  "minecraft:recipes/decorations/chain": {
    "criteria": {
      "has_iron_ingot": "2024-08-26 02:21:28 +0000"
    },
    "done": true
  },
  "spartanweaponry:recipes/spartanweaponry.basic/dagger_stone": {
    "criteria": {
      "has_cobblestone": "2024-08-26 02:21:28 +0000"
    },
    "done": true
  },
  "securitycraft:recipes/securitycraft/reinforced_warped_fence_gate": {
    "criteria": {
      "has_stick": "2024-08-26 02:37:08 +0000"
    },
    "done": true
  },
  "spartanweaponry:recipes/spartanweaponry.basic/quarterstaff_stone": {
    "criteria": {
      "has_cobblestone": "2024-08-26 02:21:28 +0000"
    },
    "done": true
  },
  "additionalguns:recipes/additionalguns/g11": {
    "criteria": {
      "has_iron_ingot": "2024-08-26 02:21:28 +0000"
    },
    "done": true
  },
  "cfm:recipes/cfm/magenta_grill": {
    "criteria": {
      "has_iron": "2024-08-26 02:21:28 +0000"
    },
    "done": true
  },
  "minecraft:recipes/decorations/oak_fence": {
    "criteria": {
      "has_planks": "2024-08-26 02:21:28 +0000"
    },
    "done": true
  },
  "spartanweaponry:recipes/spartanweaponry.basic/warhammer_wood": {
    "criteria": {
      "has_wood": "2024-08-26 02:21:28 +0000"
    },
    "done": true
  },
  "minecraft:recipes/food/baked_potato_from_grill_cooking": {
    "criteria": {
      "has_potato": "2024-08-26 02:31:03 +0000"
    },
    "done": true
  },
  "securitycraft:recipes/securitycraft/reinforced_sticky_piston": {
    "criteria": {
      "has_slime_ball": "2024-08-26 02:23:39 +0000"
    },
    "done": true
  },
  "spartanweaponry:recipes/spartanweaponry.basic/warhammer_stone": {
    "criteria": {
      "has_cobblestone": "2024-08-26 02:21:28 +0000"
    },
    "done": true
  },
  "minecraft:recipes/food/baked_potato_from_campfire_cooking": {
    "criteria": {
      "has_potato": "2024-08-26 02:31:03 +0000"
    },
    "done": true
  },
  "minecraft:recipes/building_blocks/oak_slab": {
    "criteria": {
      "has_planks": "2024-08-26 02:21:28 +0000"
    },
    "done": true
  },
  "cgm:recipes/cgm/mini_gun": {
    "criteria": {
      "has_iron_ingot": "2024-08-26 02:21:28 +0000"
    },
    "done": true
  },
  "spartanweaponry:recipes/spartanweaponry.basic/heavy_crossbow_wood": {
    "criteria": {
      "has_wood": "2024-08-26 02:21:28 +0000"
    },
    "done": true
  },
  "spartanweaponry:recipes/spartanweaponry.basic/throwing_knife_stone": {
    "criteria": {
      "has_cobblestone": "2024-08-26 02:21:28 +0000"
    },
    "done": true
  },
  "mca:recipes/building_blocks/headstones": {
    "criteria": {
      "has_ingredients": "2024-08-26 02:21:28 +0000"
    },
    "done": true
  },
  "securitycraft:recipes/securitycraft/reinforced_crimson_fence": {
    "criteria": {
      "has_stick": "2024-08-26 02:37:08 +0000"
    },
    "done": true
  },
  "cfm:recipes/cfm/stripped_oak_park_bench": {
    "criteria": {
      "has_log": "2024-08-26 02:21:28 +0000"
    },
    "done": true
  },
  "spartanweaponry:recipes/spartanweaponry.basic/scythe_stone": {
    "criteria": {
      "has_cobblestone": "2024-08-26 02:21:28 +0000"
    },
    "done": true
  },
  "spartanweaponry:recipes/spartanweaponry.basic/handle_from_wool": {
    "criteria": {
      "has_stick": "2024-08-26 02:37:08 +0000"
    },
    "done": true
  },
  "cfm:recipes/cfm/stripped_crimson_kitchen_sink_light": {
    "criteria": {
      "has_bucket": "2024-08-26 02:21:28 +0000"
    },
    "done": true
  },
  "biomesoplenty:recipes/transportation/umbran_boat": {
    "criteria": {
      "in_water": "2024-08-26 02:34:26 +0000"
    },
    "done": true
  },
  "cfm:recipes/cfm/stripped_oak_kitchen_sink_dark": {
    "criteria": {
      "has_bucket": "2024-08-26 02:21:28 +0000"
    },
    "done": true
  },
  "spartanweaponry:recipes/spartanweaponry.basic/rapier_wood": {
    "criteria": {
      "has_wood": "2024-08-26 02:21:28 +0000"
    },
    "done": true
  },
  "spartanweaponry:recipes/spartanweaponry.basic/glaive_iron": {
    "criteria": {
      "has_iron_ingot": "2024-08-26 02:21:28 +0000"
    },
    "done": true
  },
  "cfm:recipes/cfm/stripped_oak_crate": {
    "criteria": {
      "has_planks": "2024-08-26 02:21:28 +0000"
    },
    "done": true
  },
  "minecraft:recipes/building_blocks/iron_block": {
    "criteria": {
      "has_iron_ingot": "2024-08-26 02:21:28 +0000"
    },
    "done": true
  },
  "cfm:recipes/cfm/crimson_kitchen_sink_dark": {
    "criteria": {
      "has_bucket": "2024-08-26 02:21:28 +0000"
    },
    "done": true
  },
  "cfm:recipes/cfm/fridge_dark": {
    "criteria": {
      "has_iron": "2024-08-26 02:21:28 +0000"
    },
    "done": true
  },
  "cfm:recipes/cfm/oak_chair": {
    "criteria": {
      "has_log": "2024-08-26 02:21:28 +0000"
    },
    "done": true
  },
  "mca:recipes/misc/rose_gold_ingot_smelting": {
    "criteria": {
      "has_item": "2024-08-26 02:21:28 +0000"
    },
    "done": true
  },
  "mowziesmobs:root": {
    "criteria": {
      "custom_test_name": "2024-08-26 02:21:29 +0000"
    },
    "done": true
  },
  "cfm:recipes/cfm/acacia_kitchen_sink_light": {
    "criteria": {
      "has_bucket": "2024-08-26 02:21:28 +0000"
    },
    "done": true
  },
  "securitycraft:recipes/securitycraft/reinforced_birch_fence": {
    "criteria": {
      "has_stick": "2024-08-26 02:37:08 +0000"
    },
    "done": true
  },
  "create:recipes/create.base/crafting/materials/andesite_alloy": {
    "criteria": {
      "has_item": "2024-08-26 02:21:28 +0000"
    },
    "done": true
  },
  "minecraft:recipes/combat/wooden_sword": {
    "criteria": {
      "has_stick": "2024-08-26 02:37:08 +0000"
    },
    "done": true
  },
  "minecraft:recipes/building_blocks/oak_planks": {
    "criteria": {
      "has_logs": "2024-08-26 02:21:28 +0000"
    },
    "done": true
  },
  "cfm:recipes/cfm/cyan_kitchen_sink": {
    "criteria": {
      "has_bucket": "2024-08-26 02:21:28 +0000"
    },
    "done": true
  },
  "scalinghealth:recipes/scalinghealth/bandages": {
    "criteria": {
      "cobblestone": "2024-08-26 02:21:28 +0000"
    },
    "done": true
  },
  "spartanweaponry:recipes/spartanweaponry.basic/battleaxe_iron": {
    "criteria": {
      "has_iron_ingot": "2024-08-26 02:21:28 +0000"
    },
    "done": true
  },
  "cfm:recipes/cfm/stripped_oak_kitchen_counter": {
    "criteria": {
      "has_log": "2024-08-26 02:21:28 +0000"
    },
    "done": true
  },
  "securitycraft:recipes/securitycraft/smart_module": {
    "criteria": {
      "has_iron": "2024-08-26 02:21:28 +0000"
    },
    "done": true
  },
  "cgm:recipes/cgm/assault_rifle": {
    "criteria": {
      "has_iron_ingot": "2024-08-26 02:21:28 +0000"
    },
    "done": true
  },
  "securitycraft:recipes/securitycraft/block_change_detector": {
    "criteria": {
      "has_iron": "2024-08-26 02:21:28 +0000"
    },
    "done": true
  },
  "minecraft:recipes/tools/iron_axe": {
    "criteria": {
      "has_iron_ingot": "2024-08-26 02:21:28 +0000"
    },
    "done": true
  },
  "cfm:recipes/cfm/green_kitchen_sink": {
    "criteria": {
      "has_bucket": "2024-08-26 02:21:28 +0000"
    },
    "done": true
  },
  "securitycraft:recipes/securitycraft/remote_access_sentry": {
    "criteria": {
      "has_sentry": "2024-08-26 02:29:14 +0000"
    },
    "done": true
  },
  "sophisticatedbackpacks:recipes/sophisticatedbackpacks/blasting_upgrade_from_smelting_upgrade": {
    "criteria": {
      "has_smelting_upgrade": "2024-08-26 02:21:28 +0000"
    },
    "done": true
  },
  "mca:recipes/misc/comb": {
    "criteria": {
      "has_item": "2024-08-26 02:21:28 +0000"
    },
    "done": true
  },
  "securitycraft:recipes/securitycraft/reinforced_acacia_fence": {
    "criteria": {
      "has_stick": "2024-08-26 02:37:08 +0000"
    },
    "done": true
  },
  "spartanweaponry:recipes/spartanweaponry.basic/battleaxe_stone": {
    "criteria": {
      "has_cobblestone": "2024-08-26 02:21:28 +0000"
    },
    "done": true
  },
  "minecraft:recipes/combat/iron_boots": {
    "criteria": {
      "has_iron_ingot": "2024-08-26 02:21:28 +0000"
    },
    "done": true
  },
  "cfm:recipes/cfm/stripped_acacia_kitchen_sink_dark": {
    "criteria": {
      "has_bucket": "2024-08-26 02:21:28 +0000"
    },
    "done": true
  },
  "spartanweaponry:recipes/spartanweaponry.basic/tomahawk_iron": {
    "criteria": {
      "has_iron_ingot": "2024-08-26 02:21:28 +0000"
    },
    "done": true
  },
  "spartanweaponry:recipes/spartanweaponry.basic/katana_iron": {
    "criteria": {
      "has_iron_ingot": "2024-08-26 02:21:28 +0000"
    },
    "done": true
  },
  "minecraft:story/iron_tools": {
    "criteria": {
      "iron_pickaxe": "2024-08-26 02:23:27 +0000"
    },
    "done": true
  },
  "farmersdelight:recipes/farmersdelight/iron_knife": {
    "criteria": {
      "has_iron_ingot": "2024-08-26 02:21:28 +0000"
    },
    "done": true
  },
  "minecraft:recipes/combat/crossbow": {
    "criteria": {
      "has_iron_ingot": "2024-08-26 02:21:28 +0000"
    },
    "done": true
  },
  "minecraft:recipes/combat/iron_chestplate": {
    "criteria": {
      "has_iron_ingot": "2024-08-26 02:21:28 +0000"
    },
    "done": true
  },
  "minecraft:recipes/decorations/oak_sign": {
    "criteria": {
      "has_oak_planks": "2024-08-26 02:21:28 +0000"
    },
    "done": true
  },
  "minecraft:recipes/redstone/oak_trapdoor": {
    "criteria": {
      "has_planks": "2024-08-26 02:21:28 +0000"
    },
    "done": true
  },
  "additionalguns:recipes/additionalguns/python": {
    "criteria": {
      "has_planks": "2024-08-26 02:21:28 +0000"
    },
    "done": true
  },
  "create:recipes/create.base/crafting/kinetics/empty_blaze_burner": {
    "criteria": {
      "has_item": "2024-08-26 02:21:28 +0000"
    },
    "done": true
  },
  "scalinghealth:recipes/scalinghealth/heart_dust": {
    "criteria": {
      "cobblestone": "2024-08-26 02:21:28 +0000"
    },
    "done": true
  },
  "cfm:recipes/cfm/stripped_oak_desk": {
    "criteria": {
      "has_planks": "2024-08-26 02:21:28 +0000"
    },
    "done": true
  },
  "minecraft:recipes/misc/iron_nugget_from_blasting": {
    "criteria": {
      "has_iron_pickaxe": "2024-08-26 02:23:27 +0000"
    },
    "done": true
  },
  "tac:recipes/tac/light_armor": {
    "criteria": {
      "has_iron": "2024-08-26 02:26:48 +0000"
    },
    "done": true
  },
  "securitycraft:recipes/securitycraft/reinforced_diorite": {
    "criteria": {
      "has_cobblestone": "2024-08-26 02:21:28 +0000"
    },
    "done": true
  },
  "securitycraft:recipes/securitycraft/trophy_system": {
    "criteria": {
      "has_iron": "2024-08-26 02:21:28 +0000"
    },
    "done": true
  },
  "lootr:root": {
    "criteria": {
      "always_true": "2024-08-26 02:21:29 +0000"
    },
    "done": true
  },
  "securitycraft:recipes/securitycraft/camera_monitor": {
    "criteria": {
      "has_iron": "2024-08-26 02:21:28 +0000"
    },
    "done": true
  },
  "mca:recipes/building_blocks/rose_gold_block": {
    "criteria": {
      "has_item": "2024-08-26 02:21:28 +0000"
    },
    "done": true
  },
  "securitycraft:recipes/securitycraft/limited_use_keycard": {
    "criteria": {
      "has_iron": "2024-08-26 02:21:28 +0000"
    },
    "done": true
  },
  "cfm:recipes/cfm/stripped_birch_kitchen_sink_dark": {
    "criteria": {
      "has_bucket": "2024-08-26 02:21:28 +0000"
    },
    "done": true
  },
  "minecraft:recipes/redstone/sticky_piston": {
    "criteria": {
      "has_slime_ball": "2024-08-26 02:23:39 +0000"
    },
    "done": true
  },
  "minecraft:recipes/building_blocks/stone": {
    "criteria": {
      "has_cobblestone": "2024-08-26 02:21:28 +0000"
    },
    "done": true
  },
  "spartanweaponry:recipes/spartanweaponry.basic/scythe_iron": {
    "criteria": {
      "has_iron_ingot": "2024-08-26 02:21:28 +0000"
    },
    "done": true
  },
  "tac:recipes/tac/light_armor_plate": {
    "criteria": {
      "has_iron": "2024-08-26 02:26:48 +0000"
    },
    "done": true
  },
  "biomesoplenty:recipes/transportation/hellbark_boat": {
    "criteria": {
      "in_water": "2024-08-26 02:34:26 +0000"
    },
    "done": true
  },
  "minecraft:adventure/adventuring_time": {
    "criteria": {
      "minecraft:badlands": "2024-08-26 02:36:28 +0000",
      "minecraft:river": "2024-08-26 02:33:15 +0000",
      "minecraft:plains": "2024-08-26 02:21:28 +0000"
    },
    "done": false
  },
  "spartanweaponry:recipes/spartanweaponry.basic/greatsword_iron": {
    "criteria": {
      "has_iron_ingot": "2024-08-26 02:21:28 +0000"
    },
    "done": true
  },
  "cfm:recipes/cfm/stripped_crimson_kitchen_sink_dark": {
    "criteria": {
      "has_bucket": "2024-08-26 02:21:28 +0000"
    },
    "done": true
  },
  "spartanweaponry:recipes/spartanweaponry.basic/quarterstaff_wood": {
    "criteria": {
      "has_wood": "2024-08-26 02:21:28 +0000"
    },
    "done": true
  },
  "cfm:recipes/cfm/red_grill": {
    "criteria": {
      "has_iron": "2024-08-26 02:21:28 +0000"
    },
    "done": true
  },
  "securitycraft:recipes/securitycraft/whitelist_module": {
    "criteria": {
      "has_iron": "2024-08-26 02:21:28 +0000"
    },
    "done": true
  },
  "minecraft:recipes/combat/stone_sword": {
    "criteria": {
      "has_cobblestone": "2024-08-26 02:21:28 +0000"
    },
    "done": true
  },
  "minecraft:recipes/decorations/barrel": {
    "criteria": {
      "has_planks": "2024-08-26 02:21:28 +0000"
    },
    "done": true
  },
  "minecraft:recipes/decorations/cobblestone_wall": {
    "criteria": {
      "has_cobblestone": "2024-08-26 02:21:28 +0000"
    },
    "done": true
  },
  "securitycraft:recipes/securitycraft/reinforced_warped_fence": {
    "criteria": {
      "has_stick": "2024-08-26 02:37:08 +0000"
    },
    "done": true
  },
  "cfm:recipes/cfm/stone_cabinet": {
    "criteria": {
      "has_planks": "2024-08-26 02:21:28 +0000"
    },
    "done": true
  },
  "cgm:recipes/cgm/grenade_launcher": {
    "criteria": {
      "has_iron_ingot": "2024-08-26 02:21:28 +0000"
    },
    "done": true
  },
  "cfm:recipes/cfm/stripped_acacia_kitchen_sink_light": {
    "criteria": {
      "has_bucket": "2024-08-26 02:21:28 +0000"
    },
    "done": true
  },
  "minecraft:recipes/tools/stone_pickaxe": {
    "criteria": {
      "has_cobblestone": "2024-08-26 02:21:28 +0000"
    },
    "done": true
  },
  "minecraft:recipes/decorations/smithing_table": {
    "criteria": {
      "has_iron_ingot": "2024-08-26 02:21:28 +0000"
    },
    "done": true
  },
  "cfm:recipes/cfm/oak_desk_cabinet": {
    "criteria": {
      "has_log": "2024-08-26 02:21:28 +0000"
    },
    "done": true
  },
  "spartanweaponry:recipes/spartanweaponry.basic/halberd_iron": {
    "criteria": {
      "has_iron_ingot": "2024-08-26 02:21:28 +0000"
    },
    "done": true
  },
  "additionalguns:recipes/additionalguns/usas12": {
    "criteria": {
      "has_iron_ingot": "2024-08-26 02:21:28 +0000"
    },
    "done": true
  },
  "minecraft:recipes/decorations/cobblestone_wall_from_cobblestone_stonecutting": {
    "criteria": {
      "has_cobblestone": "2024-08-26 02:21:28 +0000"
    },
    "done": true
  },
  "minecraft:recipes/misc/black_dye": {
    "criteria": {
      "has_ink_sac": "2024-08-26 02:36:06 +0000"
    },
    "done": true
  },
  "spartanweaponry:recipes/spartanweaponry.basic/hammer_wood": {
    "criteria": {
      "has_wood": "2024-08-26 02:21:28 +0000"
    },
    "done": true
  },
  "cfm:recipes/cfm/black_grill": {
    "criteria": {
      "has_iron": "2024-08-26 02:21:28 +0000"
    },
    "done": true
  },
  "spartanweaponry:recipes/spartanweaponry.basic/longbow_iron": {
    "criteria": {
      "has_iron_ingot": "2024-08-26 02:21:28 +0000"
    },
    "done": true
  },
  "cgm:recipes/cgm/heavy_rifle": {
    "criteria": {
      "has_iron_ingot": "2024-08-26 02:21:28 +0000"
    },
    "done": true
  },
  "cfm:recipes/cfm/warped_kitchen_sink_light": {
    "criteria": {
      "has_bucket": "2024-08-26 02:21:28 +0000"
    },
    "done": true
  },
  "additionalguns:recipes/additionalguns/tactical_muzzle_brake": {
    "criteria": {
      "has_iron_ingot": "2024-08-26 02:21:28 +0000"
    },
    "done": true
  },
  "additionalguns:recipes/additionalguns/ravens_claw": {
    "criteria": {
      "has_iron_ingot": "2024-08-26 02:21:28 +0000"
    },
    "done": true
  },
  "additionalguns:recipes/additionalguns/pp_19": {
    "criteria": {
      "has_iron_ingot": "2024-08-26 02:21:28 +0000"
    },
    "done": true
  },
  "sophisticatedbackpacks:recipes/sophisticatedbackpacks/auto_blasting_upgrade": {
    "criteria": {
      "has_blasting_upgrade": "2024-08-26 02:21:28 +0000"
    },
    "done": true
  },
  "minecraft:recipes/decorations/lantern": {
    "criteria": {
      "has_iron_ingot": "2024-08-26 02:21:28 +0000"
    },
    "done": true
  },
  "securitycraft:recipes/securitycraft/reinforced_oak_fence_gate": {
    "criteria": {
      "has_stick": "2024-08-26 02:37:08 +0000"
    },
    "done": true
  },
  "cfm:recipes/cfm/light_blue_grill": {
    "criteria": {
      "has_iron": "2024-08-26 02:21:28 +0000"
    },
    "done": true
  },
  "biomesoplenty:recipes/transportation/jacaranda_boat": {
    "criteria": {
      "in_water": "2024-08-26 02:34:26 +0000"
    },
    "done": true
  },
  "cfm:recipes/cfm/post_box": {
    "criteria": {
      "has_iron": "2024-08-26 02:21:28 +0000"
    },
    "done": true
  },
  "spartanweaponry:recipes/spartanweaponry.basic/boomerang_iron": {
    "criteria": {
      "has_iron_ingot": "2024-08-26 02:21:28 +0000"
    },
    "done": true
  },
  "cfm:recipes/cfm/jungle_kitchen_sink_dark": {
    "criteria": {
      "has_bucket": "2024-08-26 02:21:28 +0000"
    },
    "done": true
  },
  "mcwdoors:recipes/bamboo": {
    "criteria": {
      "has_wood": "2024-08-26 02:21:28 +0000"
    },
    "done": true
  },
  "cfm:recipes/cfm/stone_table": {
    "criteria": {
      "has_planks": "2024-08-26 02:21:28 +0000"
    },
    "done": true
  },
  "cfm:recipes/cfm/stripped_spruce_kitchen_sink_dark": {
    "criteria": {
      "has_bucket": "2024-08-26 02:21:28 +0000"
    },
    "done": true
  },
  "cfm:recipes/cfm/light_blue_kitchen_sink": {
    "criteria": {
      "has_bucket": "2024-08-26 02:21:28 +0000"
    },
    "done": true
  },
  "mcwdoors:recipes/birch": {
    "criteria": {
      "has_wood": "2024-08-26 02:21:28 +0000"
    },
    "done": true
  },
  "spartanweaponry:recipes/spartanweaponry.basic/lance_stone": {
    "criteria": {
      "has_cobblestone": "2024-08-26 02:21:28 +0000"
    },
    "done": true
  },
  "minecraft:recipes/tools/stone_axe": {
    "criteria": {
      "has_cobblestone": "2024-08-26 02:21:28 +0000"
    },
    "done": true
  },
  "securitycraft:recipes/securitycraft/disguise_module": {
    "criteria": {
      "has_iron": "2024-08-26 02:21:28 +0000"
    },
    "done": true
  },
  "cfm:recipes/cfm/stripped_dark_oak_kitchen_sink_dark": {
    "criteria": {
      "has_bucket": "2024-08-26 02:21:28 +0000"
    },
    "done": true
  },
  "additionalguns:recipes/additionalguns/ak104": {
    "criteria": {
      "has_iron_ingot": "2024-08-26 02:21:28 +0000"
    },
    "done": true
  },
  "additionalguns:recipes/additionalguns/ak105": {
    "criteria": {
      "has_iron_ingot": "2024-08-26 02:21:28 +0000"
    },
    "done": true
  },
  "spartanweaponry:recipes/spartanweaponry.basic/longsword_iron": {
    "criteria": {
      "has_iron_ingot": "2024-08-26 02:21:28 +0000"
    },
    "done": true
  },
  "securitycraft:recipes/securitycraft/reinforced_dark_oak_fence": {
    "criteria": {
      "has_stick": "2024-08-26 02:37:08 +0000"
    },
    "done": true
  },
  "cfm:recipes/cfm/yellow_kitchen_sink": {
    "criteria": {
      "has_bucket": "2024-08-26 02:21:28 +0000"
    },
    "done": true
  },
  "cfm:recipes/cfm/birch_kitchen_sink_dark": {
    "criteria": {
      "has_bucket": "2024-08-26 02:21:28 +0000"
    },
    "done": true
  },
  "farmersdelight:recipes/farmersdelight/wheat_dough_from_eggs": {
    "criteria": {
      "has_wheat": "2024-08-26 02:21:28 +0000"
    },
    "done": true
  },
  "cfm:recipes/cfm/white_kitchen_sink": {
    "criteria": {
      "has_bucket": "2024-08-26 02:21:28 +0000"
    },
    "done": true
  },
  "cfm:recipes/cfm/stripped_dark_oak_kitchen_sink_light": {
    "criteria": {
      "has_bucket": "2024-08-26 02:21:28 +0000"
    },
    "done": true
  },
  "minecraft:recipes/building_blocks/cobblestone_stairs_from_cobblestone_stonecutting": {
    "criteria": {
      "has_cobblestone": "2024-08-26 02:21:28 +0000"
    },
    "done": true
  },
  "additionalguns:recipes/additionalguns/akm_custom": {
    "criteria": {
      "has_iron_ingot": "2024-08-26 02:21:28 +0000"
    },
    "done": true
  },
  "cfm:recipes/cfm/birch_kitchen_sink_light": {
    "criteria": {
      "has_bucket": "2024-08-26 02:21:28 +0000"
    },
    "done": true
  },
  "cfm:recipes/cfm/red_kitchen_sink": {
    "criteria": {
      "has_bucket": "2024-08-26 02:21:28 +0000"
    },
    "done": true
  },
  "biomesoplenty:recipes/transportation/willow_boat": {
    "criteria": {
      "in_water": "2024-08-26 02:34:26 +0000"
    },
    "done": true
  },
  "securitycraft:recipes/securitycraft/reinforced_spruce_fence": {
    "criteria": {
      "has_stick": "2024-08-26 02:37:08 +0000"
    },
    "done": true
  },
  "mca:recipes/misc/needle_and_thread": {
    "criteria": {
      "has_item": "2024-08-26 02:21:28 +0000"
    },
    "done": true
  },
  "scalinghealth:recipes/scalinghealth/medkit": {
    "criteria": {
      "cobblestone": "2024-08-26 02:21:28 +0000"
    },
    "done": true
  },
  "spartanweaponry:recipes/spartanweaponry.basic/longsword_stone": {
    "criteria": {
      "has_cobblestone": "2024-08-26 02:21:28 +0000"
    },
    "done": true
  },
  "constructionwand:recipes/tools/iron_wand": {
    "criteria": {
      "has_item": "2024-08-26 02:21:28 +0000"
    },
    "done": true
  },
  "cfm:recipes/cfm/stone_desk_cabinet": {
    "criteria": {
      "has_planks": "2024-08-26 02:21:28 +0000"
    },
    "done": true
  },
  "spartanweaponry:recipes/spartanweaponry.basic/javelin_wood": {
    "criteria": {
      "has_wood": "2024-08-26 02:21:28 +0000"
    },
    "done": true
  },
  "minecraft:recipes/decorations/campfire": {
    "criteria": {
      "has_stick": "2024-08-26 02:37:08 +0000"
    },
    "done": true
  },
  "additionalguns:recipes/additionalguns/vintorez": {
    "criteria": {
      "has_iron_ingot": "2024-08-26 02:21:28 +0000"
    },
    "done": true
  },
  "minecraft:recipes/food/bread": {
    "criteria": {
      "has_wheat": "2024-08-26 02:21:28 +0000"
    },
    "done": true
  },
  "biomesoplenty:recipes/transportation/mahogany_boat": {
    "criteria": {
      "in_water": "2024-08-26 02:34:26 +0000"
    },
    "done": true
  },
  "cfm:recipes/cfm/stone_coffee_table": {
    "criteria": {
      "has_planks": "2024-08-26 02:21:28 +0000"
    },
    "done": true
  },
  "minecraft:recipes/misc/iron_nugget": {
    "criteria": {
      "has_iron_ingot": "2024-08-26 02:21:28 +0000"
    },
    "done": true
  },
  "apotheosis:give_book": {
    "criteria": {
      "tick": "2024-08-26 02:21:29 +0000"
    },
    "done": true
  },
  "securitycraft:recipes/securitycraft/track_mine": {
    "criteria": {
      "has_iron": "2024-08-26 02:21:28 +0000"
    },
    "done": true
  },
  "additionalguns:recipes/additionalguns/desert_eagle": {
    "criteria": {
      "has_iron_ingot": "2024-08-26 02:21:28 +0000"
    },
    "done": true
  },
  "cfm:recipes/cfm/stripped_oak_chair": {
    "criteria": {
      "has_planks": "2024-08-26 02:21:28 +0000"
    },
    "done": true
  },
  "corail_recycler:recipes/diamond_disk": {
    "criteria": {
      "requirement_2": "2024-08-26 02:21:28 +0000"
    },
    "done": false
  },
  "mca:recipes/misc/rose_gold_ingot": {
    "criteria": {
      "has_item": "2024-08-26 02:21:28 +0000"
    },
    "done": true
  },
  "additionalguns:recipes/additionalguns/m16a2": {
    "criteria": {
      "has_iron_ingot": "2024-08-26 02:21:28 +0000"
    },
    "done": true
  },
  "cfm:recipes/cfm/oak_crate": {
    "criteria": {
      "has_log": "2024-08-26 02:21:28 +0000"
    },
    "done": true
  },
  "cfm:recipes/cfm/trampoline": {
    "criteria": {
      "has_iron": "2024-08-26 02:21:28 +0000"
    },
    "done": true
  },
  "biomesoplenty:recipes/transportation/dead_boat": {
    "criteria": {
      "in_water": "2024-08-26 02:34:26 +0000"
    },
    "done": true
  },
  "securitycraft:recipes/securitycraft/reinforced_oak_fence": {
    "criteria": {
      "has_stick": "2024-08-26 02:37:08 +0000"
    },
    "done": true
  },
  "minecraft:recipes/transportation/spruce_boat": {
    "criteria": {
      "in_water": "2024-08-26 02:34:26 +0000"
    },
    "done": true
  },
  "cfm:recipes/cfm/stripped_oak_table": {
    "criteria": {
      "has_planks": "2024-08-26 02:21:28 +0000"
    },
    "done": true
  },
  "securitycraft:recipes/securitycraft/blacklist_module": {
    "criteria": {
      "has_iron": "2024-08-26 02:21:28 +0000"
    },
    "done": true
  },
  "create:recipes/create.palettes/oak_window": {
    "criteria": {
      "has_ingredient": "2024-08-26 02:21:28 +0000"
    },
    "done": true
  },
  "mcwdoors:recipes/oak": {
    "criteria": {
      "has_wood": "2024-08-26 02:21:28 +0000"
    },
    "done": true
  },
  "securitycraft:recipes/securitycraft/speed_module": {
    "criteria": {
      "has_iron": "2024-08-26 02:21:28 +0000"
    },
    "done": true
  },
  "additionalguns:recipes/additionalguns/muzzle_brake": {
    "criteria": {
      "has_iron_ingot": "2024-08-26 02:21:28 +0000"
    },
    "done": true
  },
  "spartanweaponry:recipes/spartanweaponry.basic/saber_wood": {
    "criteria": {
      "has_wood": "2024-08-26 02:21:28 +0000"
    },
    "done": true
  },
  "spartanweaponry:recipes/spartanweaponry.basic/katana_stone": {
    "criteria": {
      "has_cobblestone": "2024-08-26 02:21:28 +0000"
    },
    "done": true
  },
  "spartanweaponry:recipes/spartanweaponry.basic/pole_from_leather": {
    "criteria": {
      "has_stick": "2024-08-26 02:37:08 +0000"
    },
    "done": true
  },
  "securitycraft:recipes/securitycraft/harming_module": {
    "criteria": {
      "has_iron": "2024-08-26 02:21:28 +0000"
    },
    "done": true
  },
  "cfm:recipes/cfm/oak_kitchen_counter": {
    "criteria": {
      "has_log": "2024-08-26 02:21:28 +0000"
    },
    "done": true
  },
  "minecraft:recipes/misc/sugar_from_sugar_cane": {
    "criteria": {
      "has_reeds": "2024-08-26 02:38:42 +0000"
    },
    "done": true
  },
  "cfm:recipes/cfm/stripped_oak_kitchen_drawer": {
    "criteria": {
      "has_log": "2024-08-26 02:21:28 +0000"
    },
    "done": true
  },
  "farmersdelight:recipes/farmersdelight/steak_and_potatoes": {
    "criteria": {
      "has_baked_potato": "2024-08-26 02:21:28 +0000"
    },
    "done": true
  },
  "additionalguns:recipes/additionalguns/scar": {
    "criteria": {
      "has_iron_ingot": "2024-08-26 02:21:28 +0000"
    },
    "done": true
  },
  "minecraft:husbandry/balanced_diet": {
    "criteria": {
      "baked_potato": "2024-08-26 02:24:37 +0000"
    },
    "done": false
  },
  "minecraft:recipes/tools/wooden_hoe": {
    "criteria": {
      "has_stick": "2024-08-26 02:37:08 +0000"
    },
    "done": true
  },
  "cfm:recipes/cfm/oak_blinds": {
    "criteria": {
      "has_log": "2024-08-26 02:21:28 +0000"
    },
    "done": true
  },
  "cfm:recipes/cfm/stone_desk": {
    "criteria": {
      "has_planks": "2024-08-26 02:21:28 +0000"
    },
    "done": true
  },
  "mcwdoors:recipes/jungle": {
    "criteria": {
      "has_wood": "2024-08-26 02:21:28 +0000"
    },
    "done": true
  },
  "mcwdoors:recipes/acacia": {
    "criteria": {
      "has_wood": "2024-08-26 02:21:28 +0000"
    },
    "done": true
  },
  "minecraft:recipes/misc/bucket": {
    "criteria": {
      "has_iron_ingot": "2024-08-26 02:21:28 +0000"
    },
    "done": true
  },
  "mca:recipes/misc/rose_gold_ingot_blasting": {
    "criteria": {
      "has_item": "2024-08-26 02:21:28 +0000"
    },
    "done": true
  },
  "minecraft:recipes/building_blocks/cobblestone_stairs": {
    "criteria": {
      "has_cobblestone": "2024-08-26 02:21:28 +0000"
    },
    "done": true
  },
  "cfm:recipes/cfm/oak_kitchen_sink_dark": {
    "criteria": {
      "has_bottom": "2024-08-26 02:21:28 +0000"
    },
    "done": true
  },
  "additionalguns:recipes/additionalguns/m1014": {
    "criteria": {
      "has_iron_ingot": "2024-08-26 02:21:28 +0000"
    },
    "done": true
  },
  "biomesoplenty:recipes/transportation/magic_boat": {
    "criteria": {
      "in_water": "2024-08-26 02:34:26 +0000"
    },
    "done": true
  },
  "constructionwand:recipes/tools/stone_wand": {
    "criteria": {
      "has_item": "2024-08-26 02:21:28 +0000"
    },
    "done": true
  },
  "securitycraft:recipes/securitycraft/redstone_module": {
    "criteria": {
      "has_iron": "2024-08-26 02:21:28 +0000"
    },
    "done": true
  },
  "spartanweaponry:recipes/spartanweaponry.basic/throwing_knife_iron": {
    "criteria": {
      "has_iron_ingot": "2024-08-26 02:21:28 +0000"
    },
    "done": true
  },
  "spartanweaponry:recipes/spartanweaponry.basic/flanged_mace_wood": {
    "criteria": {
      "has_wood": "2024-08-26 02:21:28 +0000"
    },
    "done": true
  },
  "cgm:recipes/cgm/machine_pistol": {
    "criteria": {
      "has_iron_ingot": "2024-08-26 02:21:28 +0000"
    },
    "done": true
  },
  "minecraft:recipes/building_blocks/hay_block": {
    "criteria": {
      "has_wheat": "2024-08-26 02:21:28 +0000"
    },
    "done": true
  },
  "additionalguns:recipes/additionalguns/magnum": {
    "criteria": {
      "has_iron_ingot": "2024-08-26 02:21:28 +0000"
    },
    "done": true
  },
  "minecraft:recipes/combat/iron_helmet": {
    "criteria": {
      "has_iron_ingot": "2024-08-26 02:21:28 +0000"
    },
    "done": true
  },
  "cfm:recipes/cfm/yellow_grill": {
    "criteria": {
      "has_iron": "2024-08-26 02:21:28 +0000"
    },
    "done": true
  },
  "additionalguns:recipes/additionalguns/mp7": {
    "criteria": {
      "has_iron_ingot": "2024-08-26 02:21:28 +0000"
    },
    "done": true
  },
  "minecraft:recipes/redstone/oak_fence_gate": {
    "criteria": {
      "has_planks": "2024-08-26 02:21:28 +0000"
    },
    "done": true
  },
  "securitycraft:recipes/securitycraft/reinforced_birch_fence_gate": {
    "criteria": {
      "has_stick": "2024-08-26 02:37:08 +0000"
    },
    "done": true
  },
  "minecraft:story/mine_stone": {
    "criteria": {
      "get_stone": "2024-08-26 02:21:28 +0000"
    },
    "done": true
  },
  "minecraft:recipes/decorations/furnace": {
    "criteria": {
      "has_cobblestone": "2024-08-26 02:21:28 +0000"
    },
    "done": true
  },
  "minecraft:recipes/transportation/minecart": {
    "criteria": {
      "has_iron_ingot": "2024-08-26 02:21:28 +0000"
    },
    "done": true
  },
  "additionalguns:recipes/additionalguns/schwarzlose": {
    "criteria": {
      "has_oak_planks": "2024-08-26 02:21:28 +0000"
    },
    "done": true
  },
  "securitycraft:recipes/securitycraft/reinforced_acacia_fence_gate": {
    "criteria": {
      "has_stick": "2024-08-26 02:37:08 +0000"
    },
    "done": true
  },
  "spartanweaponry:recipes/spartanweaponry.basic/pike_stone": {
    "criteria": {
      "has_cobblestone": "2024-08-26 02:21:28 +0000"
    },
    "done": true
  },
  "additionalguns:recipes/additionalguns/awm": {
    "criteria": {
      "has_iron_ingot": "2024-08-26 02:21:28 +0000"
    },
    "done": true
  },
  "minecraft:recipes/misc/charcoal": {
    "criteria": {
      "has_log": "2024-08-26 02:21:28 +0000"
    },
    "done": true
  },
  "minecraft:recipes/tools/iron_hoe": {
    "criteria": {
      "has_iron_ingot": "2024-08-26 02:21:28 +0000"
    },
    "done": true
  },
  "spartanweaponry:recipes/spartanweaponry.basic/parrying_dagger_iron": {
    "criteria": {
      "has_iron_ingot": "2024-08-26 02:21:28 +0000"
    },
    "done": true
  },
  "minecraft:recipes/tools/wooden_pickaxe": {
    "criteria": {
      "has_stick": "2024-08-26 02:37:08 +0000"
    },
    "done": true
  },
  "minecraft:husbandry/root": {
    "criteria": {
      "consumed_item": "2024-08-26 02:24:37 +0000"
    },
    "done": true
  },
  "cfm:recipes/cfm/orange_kitchen_sink": {
    "criteria": {
      "has_bucket": "2024-08-26 02:21:28 +0000"
    },
    "done": true
  },
  "minecraft:recipes/transportation/birch_boat": {
    "criteria": {
      "in_water": "2024-08-26 02:34:26 +0000"
    },
    "done": true
  },
  "tombstone:adventure/eat_easter_egg_food": {
    "criteria": {
      "coded_trigger": "2024-08-26 02:24:37 +0000"
    },
    "done": true
  },
  "securitycraft:recipes/securitycraft/sonic_security_system": {
    "criteria": {
      "has_stick": "2024-08-26 02:37:08 +0000"
    },
    "done": true
  },
  "minecraft:recipes/tools/iron_shovel": {
    "criteria": {
      "has_iron_ingot": "2024-08-26 02:21:28 +0000"
    },
    "done": true
  },
  "spartanweaponry:recipes/spartanweaponry.basic/dagger_iron": {
    "criteria": {
      "has_iron_ingot": "2024-08-26 02:21:28 +0000"
    },
    "done": true
  },
  "additionalguns:recipes/additionalguns/val": {
    "criteria": {
      "has_iron_ingot": "2024-08-26 02:21:28 +0000"
    },
    "done": true
  },
  "cfm:recipes/cfm/stripped_warped_kitchen_sink_light": {
    "criteria": {
      "has_bucket": "2024-08-26 02:21:28 +0000"
    },
    "done": true
  },
  "spartanweaponry:recipes/spartanweaponry.basic/spear_iron": {
    "criteria": {
      "has_iron_ingot": "2024-08-26 02:21:28 +0000"
    },
    "done": true
  },
  "tombstone:adventure/discreet_search": {
    "criteria": {
      "coded_trigger": "2024-08-26 02:25:36 +0000"
    },
    "done": true
  },
  "spartanweaponry:recipes/spartanweaponry.basic/boomerang_stone": {
    "criteria": {
      "has_cobblestone": "2024-08-26 02:21:28 +0000"
    },
    "done": true
  },
  "additionalguns:recipes/additionalguns/aug": {
    "criteria": {
      "has_iron_ingot": "2024-08-26 02:21:28 +0000"
    },
    "done": true
  },
  "farmersdelight:main/root": {
    "criteria": {
      "seeds": "2024-08-26 02:21:28 +0000"
    },
    "done": true
  },
  "minecraft:recipes/tools/stone_hoe": {
    "criteria": {
      "has_cobblestone": "2024-08-26 02:21:28 +0000"
    },
    "done": true
  },
  "minecraft:recipes/food/baked_potato_from_smoking": {
    "criteria": {
      "has_potato": "2024-08-26 02:31:03 +0000"
    },
    "done": true
  },
  "additionalguns:recipes/additionalguns/mac10": {
    "criteria": {
      "has_iron_ingot": "2024-08-26 02:21:28 +0000"
    },
    "done": true
  },
  "spartanweaponry:recipes/spartanweaponry.basic/heavy_crossbow_iron": {
    "criteria": {
      "has_iron_ingot": "2024-08-26 02:21:28 +0000"
    },
    "done": true
  },
  "additionalguns:recipes/additionalguns/tactical_silencer": {
    "criteria": {
      "has_iron_ingot": "2024-08-26 02:21:28 +0000"
    },
    "done": true
  },
  "cfm:recipes/cfm/oak_upgraded_gate": {
    "criteria": {
      "has_log": "2024-08-26 02:21:28 +0000"
    },
    "done": true
  },
  "mcwdoors:recipes/metal": {
    "criteria": {
      "has_wood": "2024-08-26 02:21:28 +0000"
    },
    "done": true
  },
  "spartanweaponry:recipes/spartanweaponry.basic/pike_wood": {
    "criteria": {
      "has_wood": "2024-08-26 02:21:28 +0000"
    },
    "done": true
  },
  "farmersdelight:recipes/farmersdelight/wheat_dough_from_water": {
    "criteria": {
      "has_wheat": "2024-08-26 02:21:28 +0000"
    },
    "done": true
  },
  "minecraft:recipes/food/baked_potato": {
    "criteria": {
      "has_potato": "2024-08-26 02:31:03 +0000"
    },
    "done": true
  },
  "spartanweaponry:recipes/spartanweaponry.basic/warhammer_iron": {
    "criteria": {
      "has_iron_ingot": "2024-08-26 02:21:28 +0000"
    },
    "done": true
  },
  "cfm:recipes/cfm/white_grill": {
    "criteria": {
      "has_iron": "2024-08-26 02:21:28 +0000"
    },
    "done": true
  },
  "additionalguns:recipes/additionalguns/over_under": {
    "criteria": {
      "has_planks": "2024-08-26 02:21:28 +0000"
    },
    "done": true
  },
  "minecraft:recipes/decorations/slime_block": {
    "criteria": {
      "has_slime_ball": "2024-08-26 02:23:39 +0000"
    },
    "done": true
  },
  "create:root": {
    "criteria": {
      "0": "2024-08-26 02:21:28 +0000"
    },
    "done": true
  },
  "minecraft:story/upgrade_tools": {
    "criteria": {
      "stone_pickaxe": "2024-08-26 02:37:16 +0000"
    },
    "done": true
  },
  "simplyjetpacks:root": {
    "criteria": {
      "any": "2024-08-26 02:21:28 +0000"
    },
    "done": true
  },
  "minecraft:recipes/transportation/oak_boat": {
    "criteria": {
      "in_water": "2024-08-26 02:34:26 +0000"
    },
    "done": true
  },
  "spartanweaponry:recipes/spartanweaponry.basic/lance_wood": {
    "criteria": {
      "has_wood": "2024-08-26 02:21:28 +0000"
    },
    "done": true
  },
  "spartanweaponry:recipes/spartanweaponry.basic/handle_from_string": {
    "criteria": {
      "has_stick": "2024-08-26 02:37:08 +0000"
    },
    "done": true
  },
  "minecraft:recipes/decorations/anvil": {
    "criteria": {
      "has_iron_block": "2024-08-26 02:26:48 +0000"
    },
    "done": true
  },
  "additionalguns:recipes/additionalguns/vector": {
    "criteria": {
      "has_iron_ingot": "2024-08-26 02:21:28 +0000"
    },
    "done": true
  },
  "cgm:recipes/cgm/rifle": {
    "criteria": {
      "has_iron_ingot": "2024-08-26 02:21:28 +0000"
    },
    "done": true
  },
  "cfm:recipes/cfm/oak_park_bench": {
    "criteria": {
      "has_log": "2024-08-26 02:21:28 +0000"
    },
    "done": true
  },
  "cfm:recipes/cfm/stripped_oak_kitchen_sink_light": {
    "criteria": {
      "has_bucket": "2024-08-26 02:21:28 +0000"
    },
    "done": true
  },
  "minecraft:recipes/tools/wooden_axe": {
    "criteria": {
      "has_stick": "2024-08-26 02:37:08 +0000"
    },
    "done": true
  },
  "additionalguns:recipes/additionalguns/mp7a2": {
    "criteria": {
      "has_iron_ingot": "2024-08-26 02:21:28 +0000"
    },
    "done": true
  },
  "securitycraft:recipes/securitycraft/keycard_lv2": {
    "criteria": {
      "has_iron": "2024-08-26 02:21:28 +0000"
    },
    "done": true
  },
  "tac:recipes/tac/workbench": {
    "criteria": {
      "has_iron": "2024-08-26 02:26:48 +0000"
    },
    "done": true
  },
  "securitycraft:recipes/securitycraft/keycard_lv1": {
    "criteria": {
      "has_iron": "2024-08-26 02:21:28 +0000"
    },
    "done": true
  },
  "minecraft:recipes/misc/paper": {
    "criteria": {
      "has_reeds": "2024-08-26 02:38:42 +0000"
    },
    "done": true
  },
  "cfm:recipes/cfm/stripped_warped_kitchen_sink_dark": {
    "criteria": {
      "has_bucket": "2024-08-26 02:21:28 +0000"
    },
    "done": true
  },
  "biomesoplenty:recipes/transportation/palm_boat": {
    "criteria": {
      "in_water": "2024-08-26 02:34:26 +0000"
    },
    "done": true
  },
  "securitycraft:recipes/securitycraft/bouncing_betty": {
    "criteria": {
      "has_iron": "2024-08-26 02:21:28 +0000"
    },
    "done": true
  },
  "cfm:recipes/cfm/light_gray_grill": {
    "criteria": {
      "has_iron": "2024-08-26 02:21:28 +0000"
    },
    "done": true
  },
  "biomesoplenty:recipes/transportation/redwood_boat": {
    "criteria": {
      "in_water": "2024-08-26 02:34:26 +0000"
    },
    "done": true
  },
  "spartanweaponry:recipes/spartanweaponry.basic/glaive_wood": {
    "criteria": {
      "has_wood": "2024-08-26 02:21:28 +0000"
    },
    "done": true
  },
  "cfm:recipes/cfm/magenta_kitchen_sink": {
    "criteria": {
      "has_bucket": "2024-08-26 02:21:28 +0000"
    },
    "done": true
  },
  "additionalguns:recipes/additionalguns/mammoth": {
    "criteria": {
      "has_oak_planks": "2024-08-26 02:21:28 +0000"
    },
    "done": true
  },
  "mca:recipes/misc/books": {
    "criteria": {
      "has_item": "2024-08-26 02:21:28 +0000"
    },
    "done": true
  },
  "additionalguns:recipes/additionalguns/p250": {
    "criteria": {
      "has_iron_ingot": "2024-08-26 02:21:28 +0000"
    },
    "done": true
  },
  "spartanweaponry:recipes/spartanweaponry.basic/halberd_wood": {
    "criteria": {
      "has_wood": "2024-08-26 02:21:28 +0000"
    },
    "done": true
  },
  "securitycraft:recipes/securitycraft/keycard_lv4": {
    "criteria": {
      "has_iron": "2024-08-26 02:21:28 +0000"
    },
    "done": true
  },
  "securitycraft:recipes/securitycraft/sc_manual": {
    "criteria": {
      "has_wood": "2024-08-26 02:21:28 +0000"
    },
    "done": true
  },
  "additionalguns:recipes/additionalguns/ssg08": {
    "criteria": {
      "has_iron_ingot": "2024-08-26 02:21:28 +0000"
    },
    "done": true
  },
  "securitycraft:recipes/securitycraft/keycard_lv3": {
    "criteria": {
      "has_iron": "2024-08-26 02:21:28 +0000"
    },
    "done": true
  },
  "securitycraft:recipes/securitycraft/keycard_lv5": {
    "criteria": {
      "has_iron": "2024-08-26 02:21:28 +0000"
    },
    "done": true
  },
  "spartanweaponry:recipes/spartanweaponry.basic/rapier_iron": {
    "criteria": {
      "has_iron_ingot": "2024-08-26 02:21:28 +0000"
    },
    "done": true
  },
  "additionalguns:recipes/additionalguns/m4a1s": {
    "criteria": {
      "has_iron_ingot": "2024-08-26 02:21:28 +0000"
    },
    "done": true
  },
  "cfm:recipes/cfm/stripped_oak_bedside_cabinet": {
    "criteria": {
      "has_planks": "2024-08-26 02:21:28 +0000"
    },
    "done": true
  },
  "cfm:recipes/cfm/spatula": {
    "criteria": {
      "has_iron": "2024-08-26 02:21:28 +0000"
    },
    "done": true
  },
  "minecraft:recipes/tools/stone_shovel": {
    "criteria": {
      "has_cobblestone": "2024-08-26 02:21:28 +0000"
    },
    "done": true
  },
  "additionalguns:recipes/additionalguns/glock18": {
    "criteria": {
      "has_iron_ingot": "2024-08-26 02:21:28 +0000"
    },
    "done": true
  },
  "securitycraft:recipes/securitycraft/reinforced_jungle_fence_gate": {
    "criteria": {
      "has_stick": "2024-08-26 02:37:08 +0000"
    },
    "done": true
  },
  "tombstone:adventure/root": {
    "criteria": {
      "auto": "2024-08-26 02:21:28 +0000"
    },
    "done": true
  },
  "cataclysm:root": {
    "criteria": {
      "custom_test_name": "2024-08-26 02:21:29 +0000"
    },
    "done": true
  },
  "securitycraft:recipes/securitycraft/reinforced_andesite": {
    "criteria": {
      "has_cobblestone": "2024-08-26 02:21:28 +0000"
    },
    "done": true
  },
  "spartanweaponry:recipes/spartanweaponry.basic/flanged_mace_stone": {
    "criteria": {
      "has_cobblestone": "2024-08-26 02:21:28 +0000"
    },
    "done": true
  },
  "cgm:recipes/cgm/workbench": {
    "criteria": {
      "has_iron": "2024-08-26 02:21:28 +0000"
    },
    "done": true
  },
  "additionalguns:recipes/additionalguns/fn2000": {
    "criteria": {
      "has_iron_ingot": "2024-08-26 02:21:28 +0000"
    },
    "done": true
  },
  "additionalguns:recipes/additionalguns/ots_03": {
    "criteria": {
      "has_iron_ingot": "2024-08-26 02:21:28 +0000"
    },
    "done": true
  },
  "spartanweaponry:recipes/spartanweaponry.basic/hammer_stone": {
    "criteria": {
      "has_cobblestone": "2024-08-26 02:21:28 +0000"
    },
    "done": true
  },
  "cfm:recipes/cfm/oak_table": {
    "criteria": {
      "has_log": "2024-08-26 02:21:28 +0000"
    },
    "done": true
  },
  "spartanweaponry:recipes/spartanweaponry.basic/tomahawk_stone": {
    "criteria": {
      "has_cobblestone": "2024-08-26 02:21:28 +0000"
    },
    "done": true
  },
  "scalinghealth:recipes/scalinghealth/heart_crystal": {
    "criteria": {
      "cobblestone": "2024-08-26 02:21:28 +0000"
    },
    "done": true
  },
  "securitycraft:recipes/securitycraft/floor_trap": {
    "criteria": {
      "has_iron": "2024-08-26 02:21:28 +0000"
    },
    "done": true
  },
  "minecraft:recipes/tools/lead": {
    "criteria": {
      "has_slime_ball": "2024-08-26 02:23:39 +0000"
    },
    "done": true
  },
  "minecraft:recipes/redstone/oak_pressure_plate": {
    "criteria": {
      "has_planks": "2024-08-26 02:21:28 +0000"
    },
    "done": true
  },
  "spartanweaponry:recipes/spartanweaponry.basic/battleaxe_wood": {
    "criteria": {
      "has_wood": "2024-08-26 02:21:28 +0000"
    },
    "done": true
  },
  "cgm:recipes/cgm/bazooka": {
    "criteria": {
      "has_iron_ingot": "2024-08-26 02:21:28 +0000"
    },
    "done": true
  },
  "biomesoplenty:biomesoplenty/root": {
    "criteria": {
      "wasteland": "2024-08-26 02:33:08 +0000"
    },
    "done": true
  },
  "cfm:recipes/cfm/oak_desk": {
    "criteria": {
      "has_log": "2024-08-26 02:21:28 +0000"
    },
    "done": true
  },
  "additionalguns:recipes/additionalguns/ak15": {
    "criteria": {
      "has_iron_ingot": "2024-08-26 02:21:28 +0000"
    },
    "done": true
  },
  "securitycraft:recipes/securitycraft/laser_block": {
    "criteria": {
      "has_stone": "2024-08-26 02:21:28 +0000"
    },
    "done": true
  },
  "cgm:recipes/cgm/shotgun": {
    "criteria": {
      "has_iron_ingot": "2024-08-26 02:21:28 +0000"
    },
    "done": true
  },
  "additionalguns:recipes/additionalguns/ak12": {
    "criteria": {
      "has_iron_ingot": "2024-08-26 02:21:28 +0000"
    },
    "done": true
  },
  "additionalguns:recipes/additionalguns/m4a4": {
    "criteria": {
      "has_iron_ingot": "2024-08-26 02:21:28 +0000"
    },
    "done": true
  },
  "minecraft:recipes/building_blocks/oak_wood": {
    "criteria": {
      "has_log": "2024-08-26 02:21:28 +0000"
    },
    "done": true
  },
  "cfm:recipes/cfm/lime_kitchen_sink": {
    "criteria": {
      "has_bucket": "2024-08-26 02:21:28 +0000"
    },
    "done": true
  },
  "mca:recipes/misc/whistle": {
    "criteria": {
      "has_item": "2024-08-26 02:21:28 +0000"
    },
    "done": true
  },
  "cfm:recipes/cfm/warped_kitchen_sink_dark": {
    "criteria": {
      "has_bucket": "2024-08-26 02:21:28 +0000"
    },
    "done": true
  },
  "spartanweaponry:recipes/spartanweaponry.basic/pole_from_wool": {
    "criteria": {
      "has_stick": "2024-08-26 02:37:08 +0000"
    },
    "done": true
  },
  "spartanweaponry:recipes/spartanweaponry.basic/throwing_knife_wood": {
    "criteria": {
      "has_wood": "2024-08-26 02:21:28 +0000"
    },
    "done": true
  },
  "sophisticatedbackpacks:recipes/sophisticatedbackpacks/smoking_upgrade": {
    "criteria": {
      "has_upgrade_base": "2024-08-26 02:21:28 +0000"
    },
    "done": true
  },
  "spartanweaponry:recipes/spartanweaponry.basic/katana_wood": {
    "criteria": {
      "has_wood": "2024-08-26 02:21:28 +0000"
    },
    "done": true
  },
  "corail_recycler:recipes/recycler": {
    "criteria": {
      "requirement_2": "2024-08-26 02:21:28 +0000",
      "requirement_1": "2024-08-26 02:21:28 +0000"
    },
    "done": false
  },
  "spartanweaponry:recipes/spartanweaponry.basic/scythe_wood": {
    "criteria": {
      "has_wood": "2024-08-26 02:21:28 +0000"
    },
    "done": true
  },
  "spartanweaponry:recipes/spartanweaponry.basic/greatsword_stone": {
    "criteria": {
      "has_cobblestone": "2024-08-26 02:21:28 +0000"
    },
    "done": true
  },
  "mca:recipes/misc/potions": {
    "criteria": {
      "has_item": "2024-08-26 02:21:28 +0000"
    },
    "done": true
  },
  "additionalguns:recipes/additionalguns/custom_mac": {
    "criteria": {
      "has_iron_ingot": "2024-08-26 02:21:28 +0000"
    },
    "done": true
  },
  "spartanweaponry:recipes/spartanweaponry.basic/quarterstaff_iron": {
    "criteria": {
      "has_iron_ingot": "2024-08-26 02:21:28 +0000"
    },
    "done": true
  },
  "minecraft:recipes/redstone/oak_button": {
    "criteria": {
      "has_planks": "2024-08-26 02:21:28 +0000"
    },
    "done": true
  },
  "spartanweaponry:recipes/spartanweaponry.basic/greatsword_wood": {
    "criteria": {
      "has_wood": "2024-08-26 02:21:28 +0000"
    },
    "done": true
  },
  "cfm:recipes/cfm/light_gray_kitchen_sink": {
    "criteria": {
      "has_bucket": "2024-08-26 02:21:28 +0000"
    },
    "done": true
  },
  "cfm:recipes/cfm/oak_cabinet": {
    "criteria": {
      "has_log": "2024-08-26 02:21:28 +0000"
    },
    "done": true
  },
  "additionalguns:recipes/additionalguns/banshee": {
    "criteria": {
      "has_iron_ingot": "2024-08-26 02:21:28 +0000"
    },
    "done": true
  },
  "farmersdelight:recipes/farmersdelight/flint_knife": {
    "criteria": {
      "has_stick": "2024-08-26 02:37:08 +0000"
    },
    "done": true
  },
  "spartanweaponry:recipes/spartanweaponry.basic/spear_stone": {
    "criteria": {
      "has_cobblestone": "2024-08-26 02:21:28 +0000"
    },
    "done": true
  },
  "farmersdelight:recipes/farmersdelight/stuffed_potato": {
    "criteria": {
      "has_baked_potato": "2024-08-26 02:21:28 +0000"
    },
    "done": true
  },
  "cfm:recipes/cfm/brown_kitchen_sink": {
    "criteria": {
      "has_bucket": "2024-08-26 02:21:28 +0000"
    },
    "done": true
  },
  "minecraft:recipes/redstone/iron_door": {
    "criteria": {
      "has_iron_ingot": "2024-08-26 02:21:28 +0000"
    },
    "done": true
  },
  "mcwdoors:recipes/warped": {
    "criteria": {
      "has_wood": "2024-08-26 02:21:28 +0000"
    },
    "done": true
  },
  "spartanweaponry:recipes/spartanweaponry.basic/boomerang_wood": {
    "criteria": {
      "has_wood": "2024-08-26 02:21:28 +0000"
    },
    "done": true
  },
  "tombstone:adventure/find_easter_egg": {
    "criteria": {
      "coded_trigger": "2024-08-26 02:21:28 +0000"
    },
    "done": true
  },
  "spartanweaponry:recipes/spartanweaponry.basic/saber_stone": {
    "criteria": {
      "has_cobblestone": "2024-08-26 02:21:28 +0000"
    },
    "done": true
  },
  "corail_recycler:tutorial/root": {
    "criteria": {
      "auto": "2024-08-26 02:21:28 +0000"
    },
    "done": true
  },
  "spartanweaponry:recipes/spartanweaponry.basic/longbow_wood": {
    "criteria": {
      "has_wood": "2024-08-26 02:21:28 +0000"
    },
    "done": true
  },
  "cfm:recipes/cfm/gray_grill": {
    "criteria": {
      "has_iron": "2024-08-26 02:21:28 +0000"
    },
    "done": true
  },
  "minecraft:recipes/redstone/oak_door": {
    "criteria": {
      "has_planks": "2024-08-26 02:21:28 +0000"
    },
    "done": true
  },
  "cfm:recipes/cfm/lime_grill": {
    "criteria": {
      "has_iron": "2024-08-26 02:21:28 +0000"
    },
    "done": true
  },
  "cfm:recipes/cfm/spruce_kitchen_sink_light": {
    "criteria": {
      "has_bucket": "2024-08-26 02:21:28 +0000"
    },
    "done": true
  },
  "securitycraft:recipes/securitycraft/motion_activated_light": {
    "criteria": {
      "has_stick": "2024-08-26 02:37:08 +0000"
    },
    "done": true
  },
  "mca:recipes/misc/staff_of_life": {
    "criteria": {
      "has_item": "2024-08-26 02:21:28 +0000"
    },
    "done": true
  },
  "cfm:recipes/cfm/door_mat": {
    "criteria": {
      "has_wheat": "2024-08-26 02:21:28 +0000"
    },
    "done": true
  },
  "minecraft:recipes/transportation/jungle_boat": {
    "criteria": {
      "in_water": "2024-08-26 02:34:26 +0000"
    },
    "done": true
  },
  "cgm:recipes/cgm/pistol": {
    "criteria": {
      "has_iron_ingot": "2024-08-26 02:21:28 +0000"
    },
    "done": true
  },
  "cfm:recipes/cfm/pink_kitchen_sink": {
    "criteria": {
      "has_bucket": "2024-08-26 02:21:28 +0000"
    },
    "done": true
  },
  "securitycraft:recipes/securitycraft/mine": {
    "criteria": {
      "has_iron": "2024-08-26 02:21:28 +0000"
    },
    "done": true
  },
  "minecraft:recipes/misc/iron_ingot_from_iron_block": {
    "criteria": {
      "has_iron_block": "2024-08-26 02:26:48 +0000"
    },
    "done": true
  },
  "spartanweaponry:recipes/spartanweaponry.basic/halberd_stone": {
    "criteria": {
      "has_cobblestone": "2024-08-26 02:21:28 +0000"
    },
    "done": true
  },
  "minecraft:recipes/redstone/heavy_weighted_pressure_plate": {
    "criteria": {
      "has_iron_ingot": "2024-08-26 02:21:28 +0000"
    },
    "done": true
  },
  "minecraft:recipes/transportation/dark_oak_boat": {
    "criteria": {
      "in_water": "2024-08-26 02:34:26 +0000"
    },
    "done": true
  },
  "sophisticatedbackpacks:recipes/sophisticatedbackpacks/auto_smoking_upgrade_from_auto_smelting_upgrade": {
    "criteria": {
      "has_auto_smelting_upgrade": "2024-08-26 02:21:28 +0000"
    },
    "done": true
  },
  "additionalguns:recipes/additionalguns/mat_49": {
    "criteria": {
      "has_oak_planks": "2024-08-26 02:21:28 +0000"
    },
    "done": true
  },
  "spartanweaponry:recipes/spartanweaponry.basic/longsword_wood": {
    "criteria": {
      "has_wood": "2024-08-26 02:21:28 +0000"
    },
    "done": true
  },
  "spartanweaponry:recipes/spartanweaponry.basic/parrying_dagger_stone": {
    "criteria": {
      "has_cobblestone": "2024-08-26 02:21:28 +0000"
    },
    "done": true
  },
  "cfm:recipes/cfm/cyan_grill": {
    "criteria": {
      "has_iron": "2024-08-26 02:21:28 +0000"
    },
    "done": true
  },
  "securitycraft:recipes/securitycraft/briefcase": {
    "criteria": {
      "has_iron": "2024-08-26 02:21:28 +0000"
    },
    "done": true
  },
  "cfm:recipes/cfm/stone_chair": {
    "criteria": {
      "has_planks": "2024-08-26 02:21:28 +0000"
    },
    "done": true
  },
  "cfm:recipes/cfm/stone_bedside_cabinet": {
    "criteria": {
      "has_planks": "2024-08-26 02:21:28 +0000"
    },
    "done": true
  },
  "cfm:recipes/cfm/oak_upgraded_fence": {
    "criteria": {
      "has_log": "2024-08-26 02:21:28 +0000"
    },
    "done": true
  },
  "spartanweaponry:recipes/spartanweaponry.basic/pole_from_string": {
    "criteria": {
      "has_stick": "2024-08-26 02:37:08 +0000"
    },
    "done": true
  },
  "spartanweaponry:recipes/spartanweaponry.basic/hammer_iron": {
    "criteria": {
      "has_iron_ingot": "2024-08-26 02:21:28 +0000"
    },
    "done": true
  },
  "mcwdoors:recipes/crimson": {
    "criteria": {
      "has_wood": "2024-08-26 02:21:28 +0000"
    },
    "done": true
  },
  "mcwdoors:recipes/cherry_print": {
    "criteria": {
      "has_wood": "2024-08-26 02:21:28 +0000"
    },
    "done": true
  },
  "mca:recipes/misc/blueprint": {
    "criteria": {
      "has_item": "2024-08-26 02:21:28 +0000"
    },
    "done": true
  },
  "securitycraft:recipes/securitycraft/reinforced_fence_gate": {
    "criteria": {
      "has_iron": "2024-08-26 02:21:28 +0000"
    },
    "done": true
  },
  "minecraft:recipes/decorations/soul_campfire": {
    "criteria": {
      "has_stick": "2024-08-26 02:37:08 +0000"
    },
    "done": true
  },
  "minecraft:story/smelt_iron": {
    "criteria": {
      "iron": "2024-08-26 02:21:28 +0000"
    },
    "done": true
  },
  "cfm:recipes/cfm/stripped_jungle_kitchen_sink_light": {
    "criteria": {
      "has_bucket": "2024-08-26 02:21:28 +0000"
    },
    "done": true
  },
  "cfm:recipes/cfm/oak_kitchen_sink_light": {
    "criteria": {
      "has_bottom": "2024-08-26 02:21:28 +0000"
    },
    "done": true
  },
  "cfm:recipes/cfm/oak_coffee_table": {
    "criteria": {
      "has_log": "2024-08-26 02:21:28 +0000"
    },
    "done": true
  },
  "cfm:recipes/cfm/fridge_light": {
    "criteria": {
      "has_iron": "2024-08-26 02:21:28 +0000"
    },
    "done": true
  },
  "DataVersion": 2586
}